month,aluminum,cobalt,copper,iron ore,lead,molybdenum,nickel,tin,uranium,zinc,dt_ym,dt_y,dt_m
Jan 1990,1528.0,7630.00011444092,2365.55699088135,14.05,707.0,,7056.0,6592.00016466675,9.0,1294.0,1990-01-01,1990,1
Feb 1990,1454.0,7659.99984741211,2358.9434,14.05,779.0,,6977.0,6156.09993710937,8.8,1394.0,1990-02-01,1990,2
Mar 1990,1567.0,8029.99877929688,2625.70272275848,14.05,1059.0,,9267.0,6270.50025783081,8.8,1666.0,1990-03-01,1990,3
Apr 1990,1526.0,8229.99954223633,2685.22689088135,14.05,835.0,,8939.0,6390.90057890625,8.65,1686.0,1990-04-01,1990,4
May 1990,1527.0,8150.00152587891,2740.34239088135,14.05,825.0,,8698.0,6324.60050771484,9.35,1775.0,1990-05-01,1990,5
Jun 1990,1566.0,8139.99938964844,2583.81490911865,14.05,837.0,,8422.0,6096.00035966797,11.0,1715.0,1990-06-01,1990,6
Jul 1990,1571.0,9110.00061035156,2769.00302275848,14.05,875.0,,9318.0,5924.40021498413,11.6,1637.0,1990-07-01,1990,7
Aug 1990,1782.0,11700.0007629395,2956.39555455933,14.05,875.0,,10957.0,5905.2006175293,11.45,1615.0,1990-08-01,1990,8
Sep 1990,2067.0,12419.9981689453,3040.17084544067,14.05,838.0,,10844.0,5707.00011245117,10.5,1537.0,1990-09-01,1990,9
Oct 1990,1946.0,13529.9987792969,2742.54697724152,14.05,760.0,,9145.0,6061.40044733276,8.5,1353.0,1990-10-01,1990,10
Nov 1990,1618.0,12630.0010681152,2583.81490911865,14.05,700.0,,8587.0,5981.3006444458,9.5,1278.0,1990-11-01,1990,11
Dec 1990,1522.0,13930.0003051758,2484.60700911865,14.05,624.0,,8158.0,5615.20037615356,9.7,1265.0,1990-12-01,1990,12
Jan 1991,1515.0,15689.998626709,2447.1282,15.03,600.0,,8569.0,5610.7579,9.1,1206.0,1991-01-01,1991,1
Feb 1991,1505.0,14840.0001525879,2447.1282,15.03,593.0,,8672.0,5582.09810911865,9.5,1188.0,1991-02-01,1991,2
Mar 1991,1496.0,14840.0001525879,2409.64939088135,15.03,602.0,,8700.0,5515.95950911865,9.4,1199.0,1991-03-01,1991,3
Apr 1991,1392.0,14840.0001525879,2471.37932275848,15.03,600.0,,9023.0,5557.84715455933,9.0,1254.0,1991-04-01,1991,4
May 1991,1299.94995117188,14330.0018310547,2340.4246727356,15.03,559.820068359375,,8499.609375,5698.72202270508,9.2,1127.73999023438,1991-05-01,1991,5
Jun 1991,1283.55004882813,13290.0009155273,2218.06802725677,15.03,549.43994140625,,8296.5,5709.30444091186,9.0,1067.44995117188,1991-06-01,1991,6
Jul 1991,1297.54663085938,12880.0010681152,2231.25534581909,15.03,549.590087890625,,8515.201171875,5673.59979650879,8.55,1063.41333007813,1991-07-01,1991,7
Aug 1991,1259.693359375,13369.9989318848,2236.18677692413,15.03,541.0,,8154.75,5647.72000130615,8.25,1047.73999023438,1991-08-01,1991,8
Sep 1991,1212.09521484375,14960.000038147,2318.58300291138,15.03,538.94970703125,,7675.953125,5575.09564178467,7.25,1025.60009765625,1991-09-01,1991,9
Oct 1991,1152.95458984375,17625.0,2360.64557547607,15.03,522.19873046875,,7453.86328125,5550.09115499878,7.25,991.64990234375,1991-10-01,1991,10
Nov 1991,1134.92504882813,24380.0010681152,2375.66037788696,15.03,506.241180419922,,7258.5,5514.45042627563,7.5,1100.65014648438,1991-11-01,1991,11
Dec 1991,1099.5263671875,30580.0018310547,2205.91849749756,15.03,531.3681640625,,7140.263671875,5515.89492064209,7.4,1185.0791015625,1991-12-01,1991,12
Jan 1992,1181.22729492188,30920.0019836426,2150.57962901611,14.31,515.671875,,7531.13671875,5483.09137531128,8.75,1157.6591796875,1992-01-01,1992,1
Feb 1992,1270.75,28250.0,2208.89225860596,14.31,505.746032714844,,7888.0,5612.10012927856,7.9,1135.47509765625,1992-02-01,1992,2
Mar 1992,1282.02270507813,28330.0018310547,2231.78550956421,14.31,523.1494140625,,7430.455078125,5637.04540996094,7.75,1217.77270507813,1992-03-01,1992,3
Apr 1992,1317.125,27020.0004577637,2214.16681599274,14.31,533.256103515625,,7417.951171875,5836.2497276123,7.75,1304.94995117188,1992-04-01,1992,4
May 1992,1306.71069335938,26500.0,2219.31505581207,14.31,520.75,,7333.947265625,6113.15801934814,7.55,1377.73681640625,1992-05-01,1992,5
Jun 1992,1275.27270507813,24750.0,2296.44193858643,14.31,551.019287109375,,7202.36328125,6631.99994276123,7.75,1385.4091796875,1992-06-01,1992,6
Jul 1992,1314.34790039063,21669.9981689453,2527.28502240143,14.31,633.2509765625,,7516.173828125,6980.49985119018,7.75,1320.4091796875,1992-07-01,1992,7
Aug 1992,1305.55004882813,19630.0010681152,2513.46998458252,14.31,655.278076171875,,7279.75,6784.21076134033,8.05,1363.40014648438,1992-08-01,1992,8
Sep 1992,1270.21435546875,18781.25,2419.61418178101,14.31,624.83984375,,6918.572265625,6643.33320200806,8.75,1367.119140625,1992-09-01,1992,9
Oct 1992,1180.84106445313,15350.0022888184,2262.45696237183,14.31,540.45263671875,,6322.5,6025.90907946167,10.25,1158.36376953125,1992-10-01,1992,10
Nov 1992,1162.21435546875,16312.5,2161.78909368286,14.31,462.054107666016,,5593.71484375,5735.71439985962,10.5,1052.23803710938,1992-11-01,1992,11
Dec 1992,1209.02380371094,15875.0,2211.95028749237,14.31,456.697265625,,5751.1904296875,5765.80926595459,10.0,1061.47619628906,1992-12-01,1992,12
Jan 1993,1208.09997558594,15505.0001144409,2264.21397077332,12.58,436.901947021484,,5948.10009765625,5913.09992277222,9.8,1067.57495117188,1993-01-01,1993,1
Feb 1993,1203.15002441406,15958.3330154419,2212.18139313507,12.58,415.000946044922,,6050.75,5792.75006144409,10.1,1073.625,1993-02-01,1993,2
Mar 1993,1150.47827148438,16125.0,2152.38020099945,12.58,405.427062988281,,5974.9130859375,5666.30466264038,10.2,996.760864257813,1993-03-01,1993,3
Apr 1993,1110.27502441406,15274.9996185303,1953.62060192108,12.58,422.113708496094,,5987.5,5596.49999379883,10.35,1006.0,1993-04-01,1993,4
May 1993,1125.42102050781,14800.0001907349,1799.35169844818,12.58,407.657562255859,,5777.78955078125,5505.47363722839,10.1,979.26318359375,1993-05-01,1993,5
Jun 1993,1168.09094238281,13687.5,1857.87070840454,12.58,397.061309814453,,5544.318359375,5115.45443951416,10.3,928.227294921875,1993-06-01,1993,6
Jul 1993,1203.18176269531,12875.0,1927.33981992645,12.58,389.636352539063,,5051.181640625,4978.54537110901,9.9,930.068176269531,1993-07-01,1993,7
Aug 1993,1172.76196289063,12175.0001907349,1951.07137548676,12.58,389.880950927734,,4740.47607421875,4819.00006005859,10.05,886.833312988281,1993-08-01,1993,8
Sep 1993,1116.90905761719,12333.3330154419,1858.24999750519,12.58,376.340911865234,,4376.04541015625,4510.68192121277,10.2,875.727294921875,1993-09-01,1993,9
Oct 1993,1089.42858886719,12216.6662216187,1646.99992897491,12.58,386.071441650391,,4464.85693359375,4687.23822227783,10.175,918.571411132813,1993-10-01,1993,10
Nov 1993,1040.02270507813,11649.9996185303,1632.56810484467,12.58,401.636352539063,,4642.27294921875,4643.81828251038,9.9,929.386352539063,1993-11-01,1993,11
Dec 1993,1091.34997558594,13399.9996185303,1723.6250736618,12.58,460.375,,5139.7998046875,4781.69987844543,9.85,975.534973144531,1993-12-01,1993,12
Jan 1994,1170.0,20750.0,1807.07136699066,11.45,491.404754638672,,5584.0478515625,4950.71412927856,9.45,998.59521484375,1994-01-01,1994,1
Feb 1994,1270.52502441406,21166.6660308838,1865.07501472778,11.45,484.450012207031,,5830.10009765625,5442.45008562927,9.45,969.75,1994-02-01,1994,2
Mar 1994,1287.69567871094,24416.6660308838,1913.17391866455,11.45,451.086944580078,,5590.4345703125,5405.52162415466,9.3,937.608703613281,1994-03-01,1994,3
Apr 1994,1277.28942871094,24875.0,1881.36846713562,11.45,440.421051025391,,5400.26318359375,5383.05257147217,9.25,924.342102050781,1994-04-01,1994,4
May 1994,1321.04760742188,23562.5,2144.50007046051,11.45,475.857147216797,,6082.85693359375,5493.47632770691,9.25,956.714294433594,1994-05-01,1994,5
Jun 1994,1402.36364746094,24375.0,2363.09102303009,11.45,524.477294921875,,6287.04541015625,5497.63622927551,9.25,966.0,1994-06-01,1994,6
Jul 1994,1491.95239257813,23524.9996185303,2447.23803404999,11.45,579.047607421875,,6230.5712890625,5300.95254420166,9.1,962.642883300781,1994-07-01,1994,7
Aug 1994,1457.06823730469,22437.5,2409.74997397766,11.45,570.568176269531,,5856.13623046875,5173.31831375122,9.05,946.909118652344,1994-08-01,1994,8
Sep 1994,1571.09094238281,25500.0,2504.84103139343,11.45,612.954528808594,,6370.681640625,5318.72715839233,9.45,993.545471191406,1994-09-01,1994,9
Oct 1994,1694.26196289063,27333.3339691162,2546.02375416412,11.45,640.642883300781,,6735.85693359375,5479.28570116882,9.5,1059.54760742188,1994-10-01,1994,10
Nov 1994,1885.88635253906,26687.5,2803.54541098175,11.45,679.321044921875,,7474.54541015625,6139.09096548462,9.6,1150.27270507813,1994-11-01,1994,11
Dec 1994,1878.375,29250.0,2980.69999645081,11.45,634.375,,8540.650390625,5935.50001380005,10.4,1112.75,1994-12-01,1994,12
Jan 1995,2059.35717773438,30375.0,3003.26189506836,12.27,664.809509277344,,9596.1904296875,6187.61911367188,10.775,1154.8095703125,1995-01-01,1995,1
Feb 1995,1905.44995117188,30000.0,2870.45015814514,12.27,577.799987792969,,8431.25,5431.00009616699,11.15,1030.67504882813,1995-02-01,1995,2
Mar 1995,1799.97827148438,28437.5,2919.67397804871,12.27,582.04345703125,,7522.39111328125,5516.30431739197,11.8,1021.69567871094,1995-03-01,1995,3
Apr 1995,1849.44445800781,27937.5,2894.88882296448,12.27,605.777770996094,,7405.0,5854.44416690063,11.85,1059.13891601563,1995-04-01,1995,4
May 1995,1765.47619628906,29000.0,2771.57125569763,12.27,595.880981445313,,7262.380859375,5924.52400956421,11.9,1036.61901855469,1995-05-01,1995,5
Jun 1995,1775.79541015625,27850.0003814697,2987.68194348755,12.27,610.272705078125,,7877.27294921875,6646.81828855591,11.7,1007.77270507813,1995-06-01,1995,6
Jul 1995,1867.27502441406,27399.9996185303,3076.4500581665,12.27,622.400024414063,,8618.0,6640.75033574219,11.7,1028.05505371094,1995-07-01,1995,7
Aug 1995,1890.04541015625,28812.5,3040.13619641418,12.27,623.386352539063,,8931.818359375,6966.13631591797,11.7,1015.47729492188,1995-08-01,1995,8
Sep 1995,1761.72497558594,29045.0000762939,2910.42504276428,12.27,591.25,,8397.25,6333.7498690979,11.85,988.025024414063,1995-09-01,1995,9
Oct 1995,1671.95458984375,29187.5,2810.06817431793,12.27,639.386352539063,,8068.86376953125,6209.54555587158,11.85,980.431823730469,1995-10-01,1995,10
Nov 1995,1655.92858886719,30875.0,2981.61903664856,12.27,710.5,,8498.095703125,6381.6664451477,11.85,1033.1904296875,1995-11-01,1995,11
Dec 1995,1657.81579589844,31674.9992370605,2918.21064537659,12.27,728.026306152344,,8074.21044921875,6275.78978494263,11.85,1017.15789794922,1995-12-01,1995,12
Jan 1996,1584.47619628906,31750.0,2604.99992943115,12.97,709.880981445313,,7870.71435546875,6257.14255352173,12.2,1019.69049072266,1996-01-01,1996,1
Feb 1996,1594.57141113281,31125.0,2544.66672335968,12.97,768.428588867188,,8198.5,6189.28563092651,15.75,1035.83337402344,1996-02-01,1996,2
Mar 1996,1614.85717773438,29350.0003814697,2563.34994940033,12.97,816.700012207031,,8046.39990234375,6205.24974938354,15.75,1063.25,1996-03-01,1996,3
Apr 1996,1587.40002441406,28375.0,2594.17496803894,12.97,812.025024414063,,8047.0,6467.2502133728,15.9875,1043.94995117188,1996-04-01,1996,4
May 1996,1593.85717773438,28500.0,2658.76193080902,12.97,840.976196289063,,8042.85693359375,6401.90484060059,16.3833333333333,1036.54760742188,1996-05-01,1996,5
Jun 1996,1485.75,26062.5,2177.59998270721,12.97,796.575012207031,,7713.15771484375,6183.7498602478,16.5,1009.40002441406,1996-06-01,1996,6
Jul 1996,1460.02172851563,22687.5,1983.93479971771,12.97,783.782592773438,,7202.60888671875,6245.52201011352,16.5,1000.52172851563,1996-07-01,1996,7
Aug 1996,1466.78576660156,21399.9996185303,2017.85720584564,12.97,816.166687011719,,7037.619140625,6109.52357194824,16.46,1007.95239257813,1996-08-01,1996,8
Sep 1996,1405.76196289063,22149.9996185303,1935.07143060913,12.97,794.261901855469,,7329.8095703125,6093.71419671631,16.15,998.976196289063,1996-09-01,1996,9
Oct 1996,1336.02172851563,21887.5007629395,1960.19567519531,12.97,741.065246582031,,7028.69580078125,5933.09072906494,15.74,1002.71740722656,1996-10-01,1996,10
Nov 1996,1451.04760742188,21399.9996185303,2215.42864607391,12.97,720.285705566406,,6960.71435546875,5993.85704796753,15.07,1044.31433105469,1996-11-01,1996,11
Dec 1996,1500.97619628906,21399.9996185303,2264.59527826385,12.97,689.357116699219,,6571.0478515625,5826.23784094849,14.7625,1036.54760742188,1996-12-01,1996,12
Jan 1997,1575.13635253906,21687.5,2427.27279402924,13.04,691.522705078125,,7069.13623046875,5871.13625131226,14.4875,1086.13635253906,1997-01-01,1997,1
Feb 1997,1582.05297851563,21687.5,2406.63156159363,13.04,657.894714355469,,7736.5791015625,5874.3158881897,13.81,1178.15795898438,1997-02-01,1997,2
Mar 1997,1631.18420410156,19924.9992370605,2420.1842087265,13.04,693.552612304688,,7893.21044921875,5901.31588978271,13.62,1254.34216308594,1997-03-01,1997,3
Apr 1997,1561.11364746094,22468.75,2389.31814949341,13.04,641.613647460938,,7313.13623046875,5707.59082789307,12.825,1240.02270507813,1997-04-01,1997,4
May 1997,1625.44995117188,25375.0,2513.29993523407,13.04,617.849975585938,,7476.0,5704.84985441895,11.8277777777778,1310.125,1997-05-01,1997,5
Jun 1997,1567.1904296875,23406.25,2611.28570015411,13.04,614.047607421875,,7060.0,5560.28570594788,10.9444444444444,1354.97619628906,1997-06-01,1997,6
Jul 1997,1591.5869140625,22562.5,2449.19570404663,13.04,633.5,,6832.7392578125,5435.78267101746,10.485,1517.02172851563,1997-07-01,1997,7
Aug 1997,1710.02502441406,23475.0003814697,2250.10004305115,13.04,607.375,,6764.4501953125,5423.29993872681,10.3944444444444,1650.625,1997-08-01,1997,8
Sep 1997,1611.61901855469,24524.9996185303,2104.30955452118,13.04,632.880981445313,,6498.28564453125,5493.47632770691,10.25,1638.28576660156,1997-09-01,1997,9
Oct 1997,1607.32604980469,23770.0004577637,2050.6955684021,13.04,598.195678710938,,6373.47802734375,5556.52174519653,11.28,1276.67395019531,1997-10-01,1997,10
Nov 1997,1598.32495117188,25412.5003814697,1918.49994499359,13.04,562.599975585938,,6137.25,5650.99988488159,12.75,1171.15002441406,1997-11-01,1997,11
Dec 1997,1530.52380371094,25649.9996185303,1761.45239143524,13.04,525.738098144531,,5942.380859375,5506.19050203857,12.5,1101.26196289063,1997-12-01,1997,12
Jan 1998,1485.47497558594,24995.0008392334,1687.60000986328,13.41,530.650024414063,,5489.0,5200.49997043457,12.0375,1096.25,1998-01-01,1998,1
Feb 1998,1465.17504882813,24668.7507629395,1663.99998604431,13.41,515.625,,5367.25,5236.49997255859,11.375,1043.19995117188,1998-02-01,1998,2
Mar 1998,1438.31823730469,24958.3339691162,1747.15916341095,13.41,558.977294921875,,5397.04541015625,5468.63633969726,10.6625,1046.75,1998-03-01,1998,3
Apr 1998,1417.55004882813,24625.0,1800.12507817535,13.41,571.775024414063,,5391.0,5707.00011245117,10.75,1096.17504882813,1998-04-01,1998,4
May 1998,1364.31579589844,24500.0,1731.65792903595,13.41,542.73681640625,,5016.84228515625,5868.15778062744,10.75,1060.36840820313,1998-05-01,1998,5
Jun 1998,1305.52380371094,24250.0,1656.59518632507,13.41,526.476196289063,,4456.90478515625,5967.85682216797,10.75,1007.59521484375,1998-06-01,1998,6
Jul 1998,1312.66662597656,22819.9996948242,1655.66672697449,13.41,543.642883300781,,4332.619140625,5651.19028632812,10.6111111111111,1043.5,1998-07-01,1998,7
Aug 1998,1310.55004882813,21787.5003814697,1619.92507875671,13.41,526.849975585938,,4078.0,5690.26295066528,10.5,1029.05004882813,1998-08-01,1998,8
Sep 1998,1341.88635253906,20837.4996185303,1646.77269191284,13.41,519.454528808594,,4100.9091796875,5479.77280592957,10.2333333333333,999.636352539063,1998-09-01,1998,9
Oct 1998,1303.70458984375,17750.0,1585.49992534637,13.41,493.204559326172,,3870.45458984375,5424.49987151794,9.60555555555556,941.363647460938,1998-10-01,1998,10
Nov 1998,1295.30004882813,15437.5,1573.72497511139,13.41,493.024993896484,,4117.25,5477.99998680725,8.88333333333333,965.950012207031,1998-11-01,1998,11
Dec 1998,1250.39477539063,11468.75,1475.76309447174,13.41,500.605255126953,,3865.76318359375,5262.36833021851,8.4875,961.578918457031,1998-12-01,1998,12
Jan 1999,1219.40002441406,10937.5,1432.00002842255,11.93,491.625,,4264.0,5102.99996468201,9.0125,931.75,1999-01-01,1999,1
Feb 1999,1186.475,18083.3333333333,1412.95,11.93,512.95,,4623.25,5262.0,9.2,1017.6,1999-02-01,1999,2
Mar 1999,1179.86363636364,18525.0,1378.47727272727,11.93,506.795454545455,,5002.95454545455,5292.95454545455,10.43571429,1028.79545454545,1999-03-01,1999,3
Apr 1999,1277.85,16350.0,1463.725,11.93,517.075,,5054.75,5381.75,10.85,1018.175,1999-04-01,1999,4
May 1999,1323.13157894737,16112.5,1510.44736842105,11.93,540.710526315789,,5395.78947368421,5643.15789473684,10.725,1039.92105263158,1999-05-01,1999,5
Jun 1999,1315.52272727273,20581.25,1422.15909090909,11.93,495.454545454545,,5194.77272727273,5262.72727272727,10.55555556,999.909090909091,1999-06-01,1999,6
Jul 1999,1403.36363636364,20100.0,1639.18181818182,11.93,495.113636363636,,5696.36363636364,5210.45454545455,10.2625,1071.22727272727,1999-07-01,1999,7
Aug 1999,1421.69047619048,19000.0,1646.7380952381,11.93,502.238095238095,,6431.42857142857,5224.28571428571,10.11428571,1129.69047619048,1999-08-01,1999,8
Sep 1999,1492.06818181818,18350.0,1749.68181818182,11.93,506.5,,7029.09090909091,5336.81818181818,9.91666667,1192.93181818182,1999-09-01,1999,9
Oct 1999,1473.33333333333,15666.6666666667,1723.28571428571,11.93,496.404761904762,,7317.61904761905,5425.2380952381,9.76111111,1147.97619047619,1999-10-01,1999,10
Nov 1999,1472.43181818182,14000.0,1726.77272727273,11.93,477.568181818182,,7946.81818181818,5835.22727272727,9.7125,1146.38636363636,1999-11-01,1999,11
Dec 1999,1554.73529411765,14200.0,1764.88235294118,11.93,478.735294117647,,8073.23529411765,5719.11764705882,9.6375,1185.23529411765,1999-12-01,1999,12
Jan 2000,1679.85,14437.5,1843.85,12.45,471.875,,8315.25,5926.25,9.55,1178.575,2000-01-01,2000,1
Feb 2000,1679.425,14093.75,1807.025,12.45,453.25,,9583.75,5669.0,9.39375,1098.25,2000-02-01,2000,2
Mar 2000,1579.64,15225.0,1739.8,12.45,441.84,,10255.4,5463.8,9.31,1113.0,2000-03-01,2000,3
Apr 2000,1458.745,16218.75,1681.9075,12.45,423.02,,9746.5,5398.05,9.14285714,1132.52,2000-04-01,2000,4
May 2000,1468.0652173913,16543.4782608696,1785.09782608696,12.45,412.608695652174,,10122.9130434783,5437.95652173913,8.5,1154.07391304348,2000-05-01,2000,5
Jun 2000,1509.37272727273,14977.2727272727,1752.07272727273,12.45,419.554545454545,,8384.31818181818,5461.18181818182,8.23125,1116.19090909091,2000-06-01,2000,6
Jul 2000,1564.37619047619,13071.4285714286,1803.14285714286,12.45,453.104761904762,,8174.80952380952,5329.7619047619,8.1,1135.91428571429,2000-07-01,2000,7
Aug 2000,1530.3347826087,13934.7826086957,1857.12391304348,12.45,472.573913043478,,8038.4347826087,5314.34782608696,7.95714286,1172.55217391304,2000-08-01,2000,8
Sep 2000,1602.30952380952,15029.7619047619,1961.89285714286,12.45,488.047619047619,,8624.80952380952,5471.80952380952,7.56666667,1221.67142857143,2000-09-01,2000,9
Oct 2000,1501.24545454545,16681.8181818182,1894.37272727273,12.45,484.786363636364,,7650.63636363636,5266.45454545455,7.4,1091.61363636364,2000-10-01,2000,10
Nov 2000,1475.55454545455,16000.0,1795.60227272727,12.45,465.877272727273,,7350.59090909091,5264.81818181818,7.12777778,1058.68181818182,2000-11-01,2000,11
Dec 2000,1569.055,16000.0,1852.4,12.45,463.53,,7318.8,5227.4,7.13571429,1059.33,2000-12-01,2000,12
Jan 2001,1619.87727272727,13500.0,1787.05681818182,12.99,478.536363636364,,6975.90909090909,5168.5,7.1,1032.7,2001-01-01,2001,1
Feb 2001,1607.03,13900.0,1766.125,12.99,501.71,,6546.8,5121.25,7.3875,1021.58,2001-02-01,2001,2
Mar 2001,1512.17272727273,14272.7272727273,1742.15909090909,12.99,498.845454545455,,6165.18181818182,5049.63636363636,7.69444444,1005.62272727273,2001-03-01,2001,3
Apr 2001,1499.48333333333,14119.0476190476,1665.97222222222,12.99,477.588888888889,,6363.11111111111,4949.77777777778,8.22857143,970.138888888889,2001-04-01,2001,4
May 2001,1542.39047619048,10908.6956521739,1684.85,12.99,466.076190476191,,7086.47619047619,4951.78947368421,9.0,937.961904761905,2001-05-01,2001,5
Jun 2001,1470.83333333333,10814.2857142857,1610.46904761905,12.99,444.733333333333,,6674.33333333333,4829.90476190476,8.77777778,896.928571428571,2001-06-01,2001,6
Jul 2001,1418.62272727273,10293.1818181818,1526.77045454545,12.99,462.154545454545,,5962.54545454546,4343.59090909091,8.75,853.304545454545,2001-07-01,2001,7
Aug 2001,1377.84545454545,9681.52173913044,1466.41136363636,12.99,483.627272727273,,5525.63636363636,3929.45454545455,8.95,830.031818181818,2001-08-01,2001,8
Sep 2001,1345.995,9312.5,1427.69736842105,12.99,464.805,,5057.65,3698.36842105263,9.15,799.51,2001-09-01,2001,9
Oct 2001,1283.53043478261,8250.0,1377.37608695652,12.99,468.582608695652,,4830.78260869565,3749.17391304348,9.46666667,761.739130434782,2001-10-01,2001,10
Nov 2001,1334.45454545455,8250.0,1434.29318181818,12.99,486.713636363636,,5131.31818181818,4059.31818181818,9.43333333,774.345454545454,2001-11-01,2001,11
Dec 2001,1348.72352941176,7592.85714285714,1472.84705882353,12.99,482.905882352941,,5315.82352941176,4022.47058823529,9.5,757.970588235294,2001-12-01,2001,12
Jan 2002,1371.36363636364,6950.0,1508.22727272727,12.68,511.086363636364,,6061.36363636364,3867.95454545455,9.5875,794.195454545454,2002-01-01,2002,1
Feb 2002,1371.08,6950.0,1561.3675,12.68,480.925,,6039.95,3724.61111111111,9.71875,773.47,2002-02-01,2002,2
Mar 2002,1404.985,6765.47619047619,1607.3925,12.68,480.675,,6543.2,3850.75,9.95,819.995,2002-03-01,2002,3
Apr 2002,1370.38571428571,6625.0,1588.57142857143,12.68,472.090476190476,,6956.80952380952,4026.47619047619,9.75,807.57619047619,2002-04-01,2002,4
May 2002,1344.42727272727,6684.78260869565,1597.02272727273,12.68,450.386363636364,,6771.18181818182,4152.81818181818,9.9,768.25,2002-05-01,2002,5
Jun 2002,1356.93333333333,6706.25,1650.59444444444,12.68,439.983333333333,,7147.61111111111,4303.33333333333,9.9,769.422222222222,2002-06-01,2002,6
Jul 2002,1337.8652173913,6788.04347826087,1588.2847826087,12.68,446.026086956522,,7137.69565217391,4313.78260869565,9.89375,795.013043478261,2002-07-01,2002,7
Aug 2002,1293.35714285714,6613.63636363636,1482.91666666667,12.68,424.333333333333,,6736.85714285714,3832.2380952381,9.85,748.809523809524,2002-08-01,2002,8
Sep 2002,1301.7,6685.71428571429,1478.93333333333,12.68,420.542857142857,,6664.95238095238,3961.7619047619,9.79761904761905,756.17619047619,2002-09-01,2002,9
Oct 2002,1311.46086956522,6188.04347826087,1486.17173913043,12.68,418.247826086957,,6818.91304347826,4242.08695652174,9.84130434782609,755.086956521739,2002-10-01,2002,10
Nov 2002,1373.26666666667,6185.71428571429,1581.03571428571,12.68,441.442857142857,,7314.80952380952,4228.95238095238,9.86428571428571,764.566666666666,2002-11-01,2002,11
Dec 2002,1375.8619047619,6551.13636363636,1592.96428571429,12.68,441.209523809524,,7206.33333333333,4227.19047619048,9.88181818181818,794.261904761905,2002-12-01,2002,12
Jan 2003,1379.26818181818,13724.7994184726,1650.31136363636,13.82,444.825,,8032.80681818182,4445.13636363636,10.1565217391304,782.318181818182,2003-01-01,2003,1
Feb 2003,1421.535,14426.4827586207,1682.145,13.82,474.5125,,8607.9,4572.2,10.1,785.635,2003-02-01,2003,2
Mar 2003,1386.52380952381,16688.6440762303,1655.69285714286,13.82,454.709523809524,,8339.61904761905,4592.66666666667,10.1,790.304761904762,2003-03-01,2003,3
Apr 2003,1334.29,16924.4567303125,1587.8675,13.82,438.0,,7930.525,4561.2,10.1,756.725,2003-04-01,2003,4
May 2003,1400.3975,17937.8873373231,1651.1,13.82,462.325,,8347.725,4733.9175,10.8954545454545,776.1,2003-05-01,2003,5
Jun 2003,1410.51666666667,19538.0305518236,1685.10714285714,13.82,467.654761904762,,8839.02380952381,4677.86190476191,10.9,790.642857142857,2003-06-01,2003,6
Jul 2003,1440.88043478261,19581.4002089864,1712.82608695652,13.82,513.336956521739,,8831.7,4733.15217391304,10.9521739130435,828.484782608696,2003-07-01,2003,7
Aug 2003,1457.225,19234.4429516843,1756.725,13.82,493.7575,,9359.875,4802.475,11.2375,815.195,2003-08-01,2003,8
Sep 2003,1416.57727272727,18828.7789493683,1789.67045454545,13.82,520.961363636364,,9995.77272727273,4907.25,11.4928571428571,818.920454545455,2003-09-01,2003,9
Oct 2003,1477.22391304348,19552.0974058425,1925.58260869565,13.82,587.434782608696,,11040.2826086957,5227.4347826087,12.3722222222222,900.080434782609,2003-10-01,2003,10
Nov 2003,1511.585,25581.50553814,2053.275,13.82,622.6625,,12052.375,5363.325,13.175,914.2125,2003-11-01,2003,11
Dec 2003,1557.77857142857,34005.5070646495,2202.03571428571,13.82,690.107142857143,,14185.2095238095,6058.40714285714,13.35,976.757142857143,2003-12-01,2003,12
Jan 2004,1608.89285714286,49222.5895316805,2421.47619047619,16.39,753.559523809524,,15089.3333333333,6432.4880952381,14.8,1015.8880952381,2004-01-01,2004,1
Feb 2004,1685.225,49818.7251828631,2751.7175,16.39,885.1525,,15099.35,6662.7,16.05,1085.7875,2004-02-01,2004,2
Mar 2004,1657.35434782609,50171.1507882423,3000.28260869565,16.39,878.141304347826,,13786.5434782609,7602.20652173913,17.1388888888889,1101.79565217391,2004-03-01,2004,3
Apr 2004,1731.68,48601.6148950318,2926.975,16.39,747.025,,12725.9,8909.0,17.75,1028.9125,2004-04-01,2004,4
May 2004,1625.25,46839.2297357814,2728.46052631579,16.39,804.092105263158,,11228.6052631579,9391.63157894737,17.75,1030.95789473684,2004-05-01,2004,5
Jun 2004,1682.02954545455,46214.5883917545,2689.04545454545,16.39,863.727272727273,,13599.3636363636,9158.63636363636,17.88125,1018.84090909091,2004-06-01,2004,6
Jul 2004,1707.84090909091,45381.6544124631,2816.79545454545,16.39,931.340909090909,,15020.0681818182,9021.90909090909,17.9,988.084090909091,2004-07-01,2004,7
Aug 2004,1692.07142857143,43829.2178208417,2844.20238095238,16.39,916.619047619048,,13639.619047619,9021.42857142857,17.9,976.77380952381,2004-08-01,2004,8
Sep 2004,1731.0,42959.8533295336,2903.17045454545,16.39,932.159090909091,,13430.3636363636,9015.68181818182,18.6,980.002272727273,2004-09-01,2004,9
Oct 2004,1830.35714285714,40463.8901328557,3009.40476190476,16.39,932.857142857143,,14378.4761904762,9043.21428571429,20.08,1066.92857142857,2004-10-01,2004,10
Nov 2004,1817.34090909091,31063.6352237104,3130.30909090909,16.39,966.306818181818,,14089.5122727273,9038.65136363637,20.2,1100.20454545455,2004-11-01,2004,11
Dec 2004,1852.90952380952,32403.3565035664,3139.78571428571,16.39,972.333333333333,,13764.9761904762,8473.71428571429,20.5,1182.12142857143,2004-12-01,2004,12
Jan 2005,1836.175,34645.4169278997,3168.1,28.11,954.225,,14563.75,7705.65,20.5357142857143,1245.525,2005-01-01,2005,1
Feb 2005,1882.775,33487.8374085684,3247.1,28.11,972.975,,15415.6,8106.325,21.2,1323.08,2005-02-01,2005,2
Mar 2005,1987.5,30406.8060515197,3378.90476190476,28.11,1001.69047619048,,16239.9047619048,8442.23809523809,21.8444444444444,1373.92857142857,2005-03-01,2005,3
Apr 2005,1891.9880952381,32460.4536000398,3389.80952380952,28.11,980.47619047619,,16138.3333333333,8133.80952380952,23.1444444444444,1297.78571428571,2005-04-01,2005,4
May 2005,1741.45,29070.7206231595,3241.9,28.11,985.2875,,17002.25,8099.25,28.25,1245.5075,2005-05-01,2005,5
Jun 2005,1731.94318181818,26714.3288686236,3529.72727272727,28.11,982.647727272727,,16113.1818181818,7604.36363636364,29.0,1273.09772727273,2005-06-01,2005,6
Jul 2005,1783.2619047619,25135.3185052496,3608.47619047619,28.11,857.52380952381,,14587.5952380952,7180.92857142857,29.2777777777778,1196.83333333333,2005-07-01,2005,7
Aug 2005,1871.27272727273,29046.2056244605,3791.90909090909,28.11,887.420454545455,,14962.0,7228.13636363636,29.65,1300.72272727273,2005-08-01,2005,8
Sep 2005,1837.69318181818,29206.50707704,3850.65909090909,28.11,932.772727272727,,14154.5454545455,6770.57954545455,30.43125,1396.64772727273,2005-09-01,2005,9
Oct 2005,1934.14285714286,25262.8252973081,4056.16666666667,28.11,999.404761904762,,12431.119047619,6415.47619047619,32.75,1483.20238095238,2005-10-01,2005,10
Nov 2005,2056.97045454545,25066.6761660492,4278.15909090909,28.11,1017.84090909091,,12235.0454545455,6173.71590909091,33.5555555555556,1610.63636363636,2005-11-01,2005,11
Dec 2005,2250.9,26867.5026123302,4577.025,28.11,1120.15,,13490.45,6762.5,35.53125,1819.325,2005-12-01,2005,12
Jan 2006,2383.30238095238,25742.2965707229,4743.85714285714,33.45,1258.14285714286,,14660.8095238095,7067.35714285714,36.75,2091.75,2006-01-01,2006,1
Feb 2006,2453.375,23816.44723093,4974.975,33.45,1267.4375,,14974.5,7788.8625,37.6875,2219.725,2006-02-01,2006,2
Mar 2006,2432.47826086957,25487.8949616101,5123.67391304348,33.45,1193.89130434783,,14925.4782608696,7949.02173913044,39.77,2427.64565217391,2006-03-01,2006,3
Apr 2006,2623.85833333333,28037.8328108673,6404.44444444444,33.45,1170.55555555556,,18028.8888888889,8859.65277777778,41.1,3068.33888888889,2006-04-01,2006,4
May 2006,2852.07142857143,28344.5222843124,8059.19047619048,33.45,1167.5,,21131.3333333333,8793.16666666667,42.2777777777778,3544.64285714286,2006-05-01,2006,5
Jun 2006,2490.95454545455,26557.0152940059,7222.77272727273,33.45,963.613636363636,,20585.9090909091,7858.77272727273,44.1666666666667,3197.59090909091,2006-06-01,2006,6
Jul 2006,2511.83333333333,26079.9096382545,7726.7380952381,33.45,1053.2619047619,,26185.7142857143,8356.44047619048,46.5,3320.7380952381,2006-07-01,2006,7
Aug 2006,2461.55227272727,31604.2611421562,7690.25,33.45,1179.31818181818,,30468.8636363636,8436.68181818182,47.4444444444445,3339.96590909091,2006-08-01,2006,8
Sep 2006,2484.38095238095,35804.2541672886,7622.64285714286,33.45,1346.52857142857,,29702.619047619,8975.02380952381,52.4444444444444,3394.05952380952,2006-09-01,2006,9
Oct 2006,2657.14772727273,34671.0838795478,7497.40909090909,33.45,1525.65909090909,,32551.1363636364,9809.5,56.0625,3829.60227272727,2006-10-01,2006,10
Nov 2006,2702.13636363636,35271.3593616415,7029.29545454546,33.45,1626.02272727273,,31891.5909090909,10038.4090909091,61.4444444444444,4378.61363636364,2006-11-01,2006,11
Dec 2006,2823.67105263158,52650.7637955914,6680.97368421053,33.45,1709.15789473684,,34400.5263157895,11125.9473684211,66.5714285714286,4381.44736842105,2006-12-01,2006,12
Jan 2007,2799.05909090909,47696.2518740629,5689.34090909091,36.63,1664.34090909091,,36821.5909090909,11331.4545454545,72.0,3784.86363636364,2007-01-01,2007,1
Feb 2007,2839.05,48680.2716823407,5718.15,36.63,1775.075,,41078.25,12890.2,76.25,3321.375,2007-02-01,2007,2
Mar 2007,2757.07954545455,55929.1156074855,6465.29545454546,36.63,1908.97727272727,,46125.2272727273,13787.25,89.4444444444445,3256.18181818182,2007-03-01,2007,3
Apr 2007,2817.05263157895,57833.4378265413,7753.34210526316,36.63,1984.15789473684,,49956.5789473684,13952.8421052632,110.428571428571,3566.85526315789,2007-04-01,2007,4
May 2007,2804.60476190476,54685.3664077053,7677.95238095238,36.63,2106.0,,51783.3333333333,14162.1428571429,119.111111111111,3847.52380952381,2007-05-01,2007,5
Jun 2007,2681.30952380952,52152.0127382197,7514.2380952381,36.63,2436.64285714286,,41551.6666666667,14078.8333333333,136.222222222222,3628.65476190476,2007-06-01,2007,6
Jul 2007,2738.09090909091,49984.3184193027,7980.93181818182,36.63,3072.43181818182,,33400.2272727273,14732.7272727273,131.5,3546.29545454545,2007-07-01,2007,7
Aug 2007,2512.60227272727,46381.5855708509,7500.20454545455,36.63,3115.19318181818,,27649.6363636364,15046.9772727273,109.6,3244.17045454545,2007-08-01,2007,8
Sep 2007,2394.9625,52218.5851619645,7671.35,36.63,3228.025,,29548.4,14989.05,85.0,2887.6,2007-09-01,2007,9
Oct 2007,2444.53260869565,54467.5753032575,8020.58695652174,36.63,3722.60869565217,,31156.0,16068.347826087,77.5,2979.98913043478,2007-10-01,2007,10
Nov 2007,2507.15227272727,59468.6710363826,6957.43181818182,36.63,3319.90909090909,,30505.6363636364,16660.7727272727,92.0,2554.60227272727,2007-11-01,2007,11
Dec 2007,2382.83333333333,72600.8060904613,6630.73611111111,36.63,2616.08333333333,,26053.5555555556,16244.7222222222,91.8,2378.59722222222,2007-12-01,2007,12
Jan 2008,2456.125,83037.808368543,7078.90909090909,60.8,2621.78409090909,,27774.7727272727,16310.9318181818,87.5555555555555,2364.40909090909,2008-01-01,2008,1
Feb 2008,2784.89285714286,91011.2255560532,7941.14285714286,60.8,3089.60714285714,,28064.9523809524,17269.8095238095,76.0,2458.47619047619,2008-02-01,2008,2
Mar 2008,3012.05263157895,95022.9188436085,8434.31578947368,60.8,3012.93421052632,,31093.0526315789,19799.0789473684,73.7142857142857,2511.18421052632,2008-03-01,2008,3
Apr 2008,2968.03409090909,92483.8225515341,8714.18181818182,60.8,2834.875,,28776.8181818182,21646.0227272727,69.4444444444444,2278.51136363636,2008-04-01,2008,4
May 2008,2908.2775,88923.5679680821,8356.125,60.8,2216.0875,,25656.5,23853.6,61.6666666666667,2178.325,2008-05-01,2008,5
Jun 2008,2967.86904761905,84657.5707817087,8292.0,60.8,1860.5119047619,,22562.5714285714,22133.4285714286,59.0,1906.17380952381,2008-06-01,2008,6
Jul 2008,3067.45652173913,74009.377129617,8407.02173913043,60.8,1960.04347826087,,20106.9565217391,22955.6304347826,61.84375,1856.44565217391,2008-07-01,2008,7
Aug 2008,2762.56,50482.2809374533,7633.8,60.8,1902.85,,19111.8,19935.0,64.5,1734.65,2008-08-01,2008,8
Sep 2008,2524.14772727273,58288.8192267502,6975.11363636364,60.8,1872.30681818182,,17781.8636363636,18306.5909090909,63.0,1744.52272727273,2008-09-01,2008,9
Oct 2008,2122.02826086957,62763.4364635864,4894.89130434783,60.8,1494.26086956522,,12144.8695652174,14423.347826087,48.6,1303.00434782609,2008-10-01,2008,10
Nov 2008,1857.13,41394.1692789969,3729.1875,60.8,1286.425,,10776.5,13674.15,50.5,1169.3625,2008-11-01,2008,11
Dec 2008,1504.41666666667,27996.056517196,3105.09523809524,69.9826086956522,968.166666666667,,9846.92857142857,11292.1428571429,54.3333333333333,1112.90476190476,2008-12-01,2008,12
Jan 2009,1420.35952380952,30717.5453595516,3260.35714285714,72.5090909090909,1144.90476190476,,11562.9523809524,11563.3333333333,51.4444444444444,1202.52380952381,2009-01-01,2009,1
Feb 2009,1338.0625,30601.6300940439,3328.4125,75.59,1099.625,,10410.75,11074.775,47.0,1118.0025,2009-02-01,2009,2
Mar 2009,1338.07954545455,26494.917830341,3770.875,64.0727272727273,1246.52272727273,,9710.72727272727,10689.4090909091,43.375,1223.21818181818,2009-03-01,2009,3
Apr 2009,1431.8125,29165.10876793,4436.925,59.7818181818182,1393.9125,,11331.6,11830.2,41.71875,1388.1375,2009-04-01,2009,4
May 2009,1466.67105263158,29794.9544708165,4591.46052631579,62.6904761904762,1446.68421052632,,12720.0789473684,13814.8947368421,48.5555555555555,1492.51842105263,2009-05-01,2009,5
Jun 2009,1579.62727272727,27447.0789398689,5015.43181818182,71.6590909090909,1667.11363636364,,14944.3636363636,15005.25,51.5,1556.77272727273,2009-06-01,2009,6
Jul 2009,1670.55652173913,31916.2963972559,5228.41304347826,83.9521739130435,1673.97826086957,,16017.3913043478,13923.4347826087,49.7,1580.85869565217,2009-07-01,2009,7
Aug 2009,1927.6375,35064.367816092,6176.875,97.6666666666667,1893.0375,,19375.925,14761.65,47.1875,1818.0125,2009-08-01,2009,8
Sep 2009,1835.59772727273,35726.7407618505,6195.75,80.7136363636364,2205.47727272727,,17404.6363636364,14936.2272727273,44.2777777777778,1879.14772727273,2009-09-01,2009,9
Oct 2009,1875.66363636364,32312.2082264653,6305.98863636364,86.7863636363636,2227.69318181818,,18489.4772727273,15037.4090909091,46.1111111111111,2070.84454545455,2009-10-01,2009,10
Nov 2009,1956.54761904762,37960.5935214211,6682.44047619048,99.2571428571429,2303.44047619048,,16911.3333333333,14966.1428571429,44.75,2196.54761904762,2009-11-01,2009,11
Dec 2009,2181.25714285714,37856.0537912862,6976.97619047619,105.247826086957,2326.26285714286,,17121.619047619,15588.6904761905,44.4375,2374.0380952381,2009-12-01,2009,12
Jan 2010,2230.1125,40702.4232472509,7367.375,125.914285714286,2352.15,,18405.55,17710.2,43.825,2414.6625,2010-01-01,2010,1
Feb 2010,2053.27,41508.0146290491,6867.675,127.615,2125.775,,19060.55,16352.3,42.1,2158.8,2010-02-01,2010,2
Mar 2010,2210.53043478261,37414.1358411703,7466.9347826087,139.769565217391,2162.67608695652,,22467.1739130435,17509.1304347826,40.9111111111111,2277.26304347826,2010-03-01,2010,3
Apr 2010,2314.2775,42039.9829011115,7729.8375,172.468181818182,2272.15,,26028.5,18634.6,41.325,2367.5,2010-04-01,2010,4
May 2010,2044.71052631579,40474.3456112853,6843.15789473684,161.347619047619,1876.78947368421,36637.5,21930.0,17565.0263157895,41.3,1969.78947368421,2010-05-01,2010,5
Jun 2010,1929.40909090909,38947.7272727273,6501.5,143.631818181818,1707.28409090909,32144.5,19411.2954545455,17257.7272727273,40.7777777777778,1746.51136363636,2010-06-01,2010,6
Jul 2010,1989.04545454545,38062.5,6750.56818181818,126.363636363636,1843.96590909091,31220.4545454545,19548.5227272727,18206.5227272727,41.9444444444444,1847.02727272727,2010-07-01,2010,7
Aug 2010,2110.44047619048,38464.7619047619,7302.66666666667,145.340909090909,2082.79761904762,33895.4761904762,21448.7857142857,20733.0714285714,46.0625,2047.47619047619,2010-08-01,2010,8
Sep 2010,2171.24318181818,41186.3636363636,7729.59090909091,140.627272727273,2192.85227272727,33943.1818181818,22690.1363636364,22694.3636363636,46.6666666666667,2150.94318181818,2010-09-01,2010,9
Oct 2010,2342.17857142857,38897.619047619,8289.7619047619,148.480952380952,2383.54761904762,32882.1428571429,23793.6785714286,26237.0952380952,48.8333333333333,2373.5619047619,2010-10-01,2010,10
Nov 2010,2324.04545454545,37104.7727272727,8458.42045454545,160.55,2364.97727272727,33562.7272727273,22836.2272727273,25403.0909090909,57.1625,2283.29545454545,2010-11-01,2010,11
Dec 2010,2356.66904761905,37616.6666666667,9152.85714285714,168.526086956522,2413.20238095238,34754.0476190476,24099.5714285714,26103.8571428571,60.625,2287.32142857143,2010-12-01,2010,12
Jan 2011,2439.7,39212.5,9533.2,179.63,2583.975,37058.5,25621.225,27439.35,63.875,2375.8125,2011-01-01,2011,1
Feb 2011,2515.26,39777.75,9880.9375,187.18,2595.575,38044.75,28412.175,31619.65,65.0,2473.45,2011-02-01,2011,2
Mar 2011,2555.5,38264.1304347826,9503.35869565217,169.35652173913,2624.02173913044,36733.9130434783,26710.347826087,30590.9347826087,63.5,2341.47826086957,2011-03-01,2011,3
Apr 2011,2667.41666666667,37023.6111111111,9482.75,179.261111111111,2719.34722222222,37226.3888888889,26332.1666666667,32347.6944444444,57.8214285714286,2371.47777777778,2011-04-01,2011,4
May 2011,2587.2125,38157.5,8931.675,177.095,2419.6375,36715.0,24164.55,28571.4,56.0625,2159.6,2011-05-01,2011,5
Jun 2011,2557.76136363636,36019.3181818182,9066.85227272727,170.877272727273,2524.98863636364,34995.4545454545,22420.9318181818,25519.6818181818,55.4,2234.46590909091,2011-06-01,2011,6
Jul 2011,2525.42857142857,35113.0952380952,9650.46428571429,172.97619047619,2681.02380952381,32240.4761904762,23847.9523809524,27398.0952380952,52.7888888888889,2397.75476190476,2011-07-01,2011,7
Aug 2011,2380.975,35931.3636363636,8997.98863636364,177.45,2393.05681818182,32592.7272727273,21864.6818181818,24056.7272727273,50.6833333333333,2199.23863636364,2011-08-01,2011,8
Sep 2011,2293.46136363636,34529.5454545455,8300.13636363636,177.227272727273,2287.67045454545,31636.3636363636,20377.5909090909,22526.6022727273,51.9833333333333,2075.22045454545,2011-09-01,2011,9
Oct 2011,2180.64761904762,30607.1904761905,7394.19047619048,150.433333333333,1960.38095238095,28857.1428571429,19039.0476190476,21868.6428571429,52.3375,1871.41666666667,2011-10-01,2011,10
Nov 2011,2079.98181818182,28690.9090909091,7581.02272727273,135.540909090909,1994.21590909091,29768.1818181818,17873.0,21291.7045454545,53.1944444444444,1935.31818181818,2011-11-01,2011,11
Dec 2011,2024.375,30808.75,7558.875,136.455,2024.5625,29425.0,18246.0375,19386.9125,52.1785714285714,1911.15,2011-12-01,2011,12
Jan 2012,2151.33333333333,33006.6666666667,8061.91666666667,140.347619047619,2100.21428571429,30537.619047619,19908.619047619,21547.7023809524,52.3125,1989.22619047619,2012-01-01,2012,1
Feb 2012,2207.91666666667,31772.619047619,8441.4880952381,140.395238095238,2121.2619047619,31909.5238095238,20393.6666666667,24293.3095238095,52.0555555555556,2057.78571428571,2012-02-01,2012,2
Mar 2012,2184.15909090909,31142.7272727273,8470.78409090909,144.663636363636,2056.69318181818,31250.0,18660.8068181818,22985.4318181818,51.2888888888889,2035.925,2012-03-01,2012,3
Apr 2012,2048.50526315789,30795.6578947368,8285.52631578947,147.647368421053,2073.64473684211,31098.5789473684,17892.8157894737,22114.5263157895,51.3,2002.68421052632,2012-04-01,2012,4
May 2012,2002.52272727273,30516.8181818182,7896.90909090909,136.272727272727,1999.25,30106.8181818182,16968.3181818182,20295.3409090909,51.8888888888889,1928.01136363636,2012-05-01,2012,5
Jun 2012,1885.51315789474,28831.9078947368,7428.28947368421,134.621052631579,1850.95789473684,28941.6842105263,16603.6842105263,19255.3947368421,50.8333333333333,1855.93421052632,2012-06-01,2012,6
Jul 2012,1876.25,28394.0795454545,7584.26136363636,127.936363636364,1881.47727272727,27075.6818181818,16128.4090909091,18546.0909090909,50.3555555555556,1847.75,2012-07-01,2012,7
Aug 2012,1843.32727272727,29050.3636363636,7510.43181818182,107.795454545455,1897.77272727273,25379.8636363636,15703.9886363636,18675.5568181818,49.25,1816.31818181818,2012-08-01,2012,8
Sep 2012,2064.12,29221.25,8087.7425,99.47,2177.675,23800.0,17287.9625,20771.2625,47.725,2009.85,2012-09-01,2012,9
Oct 2012,1974.30434782609,26896.7391304348,8062.03260869565,113.947826086957,2141.96739130435,23960.8695652174,17168.7391304348,21233.6956521739,44.6111111111111,1903.95869565217,2012-10-01,2012,10
Nov 2012,1948.82954545455,23563.4090909091,7711.22727272727,120.345454545455,2181.96590909091,24365.9090909091,16335.3636363636,20713.0681818182,41.5,1912.39772727273,2012-11-01,2012,11
Dec 2012,2086.76315789474,23976.0,7966.48684210526,128.873684210526,2279.80263157895,25144.6315789474,17448.5,22880.8947368421,43.6666666666667,2040.42894736842,2012-12-01,2012,12
Jan 2013,2037.60681818182,25518.0909090909,8053.73863636364,150.490909090909,2334.46590909091,25631.0,17494.0681818182,24598.8977272727,42.75,2031.40909090909,2013-01-01,2013,1
Feb 2013,2053.595,25441.325,8060.925,154.638888888889,2365.7875,24501.2,17690.1,24211.7375,43.40625,2128.6875,2013-02-01,2013,2
Mar 2013,1911.2825,25316.975,7652.375,139.87,2173.35,24059.6,16731.7,23302.0,42.28125,1929.15,2013-03-01,2013,3
Apr 2013,1861.02380952381,26209.4523809524,7221.1619047619,137.390909090909,2024.36904761905,24021.4285714286,15629.3095238095,21589.6428571429,41.4125,1855.6,2013-04-01,2013,4
May 2013,1832.57142857143,27984.380952381,7248.71428571429,124.009523809524,2031.89285714286,24135.4285714286,14948.2261904762,20781.619047619,40.605,1831.0119047619,2013-05-01,2013,5
Jun 2013,1814.5375,30047.5375,7000.2375,114.815,2099.6875,23474.95,14280.275,20267.4,39.9375,1839.0125,2013-06-01,2013,6
Jul 2013,1769.60869565217,29290.0434782609,6906.64130434783,127.191304347826,2047.72826086957,20896.1304347826,13750.3152173913,19563.8260869565,38.0222222222222,1837.61956521739,2013-07-01,2013,7
Aug 2013,1816.23571428571,26803.4285714286,7186.25,137.055,2173.08333333333,20236.5238095238,14308.2619047619,21638.2142857143,34.9941626409018,1896.39285714286,2013-08-01,2013,8
Sep 2013,1761.30476190476,28680.4285714286,7159.26904761905,134.185714285714,2084.91904761905,20717.4761904762,13801.3928571429,22735.0714285714,34.4532867494824,1846.88095238095,2013-09-01,2013,9
Oct 2013,1814.58260869565,27037.9565217391,7203.02173913044,132.572727272727,2115.42826086957,20576.0869565217,14117.652173913,23101.5869565217,34.8484955891619,1884.83695652174,2013-10-01,2013,10
Nov 2013,1747.96428571429,26172.4761904762,7070.65476190476,136.32380952381,2089.55952380952,20838.0952380952,13684.0119047619,22826.880952381,35.59200310559,1866.41666666667,2013-11-01,2013,11
Dec 2013,1739.81,26587.775,7214.9,135.790476190476,2136.7275,20990.0,13924.55,22762.125,34.5932971014493,1974.975,2013-12-01,2013,12
Jan 2014,1727.41136363636,28134.5681818182,7291.46590909091,128.119047619048,2143.17045454545,21781.8181818182,14101.25,22063.8636363636,35.2149889729048,2036.93181818182,2014-01-01,2014,1
Feb 2014,1695.165,31081.85,7149.2125,121.37,2108.025,22333.75,14203.55,22820.675,35.5467391304348,2034.525,2014-02-01,2014,2
Mar 2014,1705.36666666667,30699.4285714286,6650.03571428571,111.833333333333,2053.08333333333,22452.380952381,15678.0952380952,23024.3095238095,34.7028554175293,2007.90476190476,2014-03-01,2014,3
Apr 2014,1810.675,29771.85,6673.5625,114.580952380952,2087.0875,26650.0,17373.6,23405.2,32.7445652173913,2027.2125,2014-04-01,2014,4
May 2014,1751.05,29993.225,6891.125,100.56,2097.325,30635.0,19401.075,23271.25,28.5398550724638,2058.975,2014-05-01,2014,5
Jun 2014,1838.95238095238,30458.5952380952,6821.14285714286,92.8523809523809,2106.94047619048,32016.6666666667,18628.8095238095,22762.0,28.2254572118702,2128.09523809524,2014-06-01,2014,6
Jul 2014,1948.30434782609,31697.1956521739,7113.38043478261,96.2608695652174,2193.23913043478,28672.1739130435,19117.652173913,22424.0108695652,28.4002047889099,2310.61956521739,2014-07-01,2014,7
Aug 2014,2030.4925,32341.5565,7001.8375,94.1428571428571,2236.8375,28660.0,18600.2,22231.05,30.8293219461698,2326.9875,2014-08-01,2014,8
Sep 2014,1990.43181818182,32350.7386363636,6872.21590909091,84.5227272727273,2117.23863636364,26506.8181818182,18034.7954545455,21090.5227272727,34.3718297101449,2294.59090909091,2014-09-01,2014,9
Oct 2014,1946.18913043478,31142.4239130435,6737.47826086957,81.304347826087,2034.26086956522,20692.4347826087,15812.3695652174,19830.4130434783,35.7517328292375,2276.82608695652,2014-10-01,2014,10
Nov 2014,2055.555,30752.1375,6712.85,74.425,2030.1825,20551.0,15807.05,20033.475,40.5973731884058,2253.225,2014-11-01,2014,11
Dec 2014,1909.45952380952,30945.2142857143,6446.45238095238,68.6739130434783,1938.10714285714,19856.5238095238,15962.0476190476,19829.7142857143,36.9482514177693,2175.7619047619,2014-12-01,2014,12
Jan 2015,1814.71904761905,30749.4761904762,5830.53571428571,69.0681818181818,1843.13095238095,20057.8571428571,14849.1904761905,19454.119047619,35.8977272727273,2113.04761904762,2015-01-01,2015,1
Feb 2015,1817.82,29155.375,5729.275,63.8,1795.6625,17274.65,14573.8375,18233.9125,38.1875,2097.7625,2015-02-01,2015,2
Mar 2015,1773.86363636364,27568.7840909091,5939.67045454546,58.1818181818182,1792.47045454545,17496.9545454545,13755.5,17421.9090909091,39.3181818181818,2028.72727272727,2015-03-01,2015,3
Apr 2015,1819.1875,28827.275,6042.0875,52.1136363636364,2005.3625,17009.55,12830.925,15900.875,38.8409090909091,2212.725,2015-04-01,2015,4
May 2015,1804.03947368421,30066.5789473684,6294.77631578947,60.4285714285714,1991.77631578947,17056.6842105263,13511.3421052632,15803.5921052632,35.6904761904762,2281.80263157895,2015-05-01,2015,5
Jun 2015,1687.72727272727,30650.3863636364,5833.01136363636,61.8409090909091,1829.5,15272.5454545455,12825.2272727273,15064.9431818182,36.0454545454545,2082.09090909091,2015-06-01,2015,6
Jul 2015,1639.5,31579.8695652174,5456.75,52.1739130434783,1763.04347826087,12642.5217391304,11413.097826087,15071.5326086957,36.2826086956522,2000.6847826087,2015-07-01,2015,7
Aug 2015,1548.125,29243.95,5127.3,57.3333333333333,1703.6,12984.7,10386.0,15163.775,36.0952380952381,1807.6375,2015-08-01,2015,8
Sep 2015,1589.60227272727,27714.3068181818,5217.25,56.9772727272727,1684.25,12363.8181818182,9937.54545454545,15453.3409090909,37.0568181818182,1720.22727272727,2015-09-01,2015,9
Oct 2015,1516.48863636364,27499.0454545455,5216.09090909091,53.6590909090909,1720.11363636364,10424.2272727273,10316.8295454545,15794.6136363636,37.2386363636364,1724.34090909091,2015-10-01,2015,10
Nov 2015,1467.89285714286,24413.7023809524,4799.90476190476,47.1904761904762,1618.34523809524,10536.0476190476,9244.33333333333,14745.2857142857,35.9642857142857,1583.30952380952,2015-11-01,2015,11
Dec 2015,1497.20238095238,23951.1785714286,4638.83333333333,40.8826086956522,1706.58333333333,11162.8571428571,8707.78571428571,14691.6904761905,35.1630434782609,1527.78571428571,2015-12-01,2015,12
Jan 2016,1481.1,23134.6,4471.7875,42.2047619047619,1646.2,11597.75,8507.2875,13808.075,34.6904761904762,1520.3625,2016-01-01,2016,1
Feb 2016,1531.2619047619,22275.880952381,4598.61904761905,46.4857142857143,1765.75,11686.4285714286,8298.5,15610.1428571429,34.0071428571429,1709.84523809524,2016-02-01,2016,2
Mar 2016,1531.0119047619,22982.5238095238,4953.79761904762,56.5391304347826,1802.19047619048,11757.2857142857,8717.25,16897.5952380952,30.1065217391304,1801.69047619048,2016-03-01,2016,3
Apr 2016,1571.22619047619,23000.5,4872.7380952381,60.9666666666667,1732.27380952381,12220.2380952381,8878.85714285714,17032.7142857143,27.8166666666667,1855.37380952381,2016-04-01,2016,4
May 2016,1550.625,23413.625,4694.5375,55.8863636363636,1707.8,14505.1,8660.35,16706.95,27.9545454545455,1869.025,2016-05-01,2016,5
Jun 2016,1593.50681818182,23692.7272727273,4641.96590909091,52.3409090909091,1712.77272727273,15675.1363636364,8928.35227272727,16966.6931818182,27.3522727272727,2026.19318181818,2016-06-01,2016,6
Jul 2016,1629.04761904762,25085.5238095238,4864.90476190476,57.3095238095238,1834.78571428571,15063.9523809524,10262.8571428571,17826.2261904762,25.8452380952381,2183.25,2016-07-01,2016,7
Aug 2016,1639.28409090909,26296.5909090909,4751.67045454546,60.8695652173913,1835.52272727273,15623.0909090909,10335.9886363636,18427.0227272727,25.9021739130435,2279.13636363636,2016-08-01,2016,8
Sep 2016,1592.36363636364,26625.0,4722.20454545455,57.6590909090909,1947.64318181818,15399.0,10191.7840909091,19499.5227272727,24.875,2292.30681818182,2016-09-01,2016,9
Oct 2016,1665.90476190476,28205.6666666667,4731.2619047619,58.9523809523809,2024.4880952381,14937.380952381,10259.7380952381,20099.7619047619,21.4880952380952,2311.5,2016-10-01,2016,10
Nov 2016,1737.11363636364,29258.4090909091,5450.93181818182,74.1363636363636,2180.57954545455,14852.7727272727,11128.9090909091,21126.0909090909,18.5681818181818,2566.20454545455,2016-11-01,2016,11
Dec 2016,1727.7375,31589.375,5660.35,79.4318181818182,2209.8375,14876.85,10972.275,21204.35,19.2159090909091,2664.8125,2016-12-01,2016,12
Jan 2017,1791.2380952381,34720.380952381,5754.55952380952,80.8181818181818,2242.61904761905,14891.8095238095,9971.46428571429,20691.7857142857,22.1704545454545,2714.79761904762,2017-01-01,2017,1
Feb 2017,1860.75,43005.0,5940.9125,88.95,2311.5,14899.05,10643.3,19446.475,25.15,2845.55,2017-02-01,2017,2
Mar 2017,1901.46739130435,52765.2173913043,5824.63043478261,87.195652173913,2280.92391304348,14899.4782608696,10204.6630434783,19875.1956521739,24.6413043478261,2776.88043478261,2017-03-01,2017,3
Apr 2017,1921.22222222222,55305.5555555556,5683.90277777778,70.4,2220.61111111111,14896.4444444444,9609.27777777778,19910.3194444444,23.25,2614.91666666667,2017-04-01,2017,4
May 2017,1913.02380952381,54941.9404761905,5599.55952380952,61.6304347826087,2125.10714285714,16544.8095238095,9155.11904761905,20200.3333333333,21.6413043478261,2590.21428571429,2017-05-01,2017,5
Jun 2017,1885.28636363636,57449.4545454545,5719.76136363636,57.8636363636364,2132.93181818182,16594.9090909091,8931.76136363636,19658.8409090909,19.75,2573.39772727273,2017-06-01,2017,6
Jul 2017,1902.96428571429,58548.9047619048,5985.11904761905,66.7380952380952,2269.85714285714,15667.4761904762,9491.39285714286,20223.4761904762,20.3642857142857,2787.19047619048,2017-07-01,2017,7
Aug 2017,2030.01136363636,58465.1363636364,6485.625,74.5869565217391,2348.46590909091,15638.3181818182,10889.9772727273,20521.0,20.4065217391304,2980.72727272727,2017-08-01,2017,8
Sep 2017,2096.4880952381,60128.5,6577.16666666667,69.2380952380952,2374.39285714286,15635.8571428571,11215.7857142857,20796.619047619,20.4285714285714,3116.85714285714,2017-09-01,2017,9
Oct 2017,2131.48863636364,59905.8636363636,6807.60227272727,61.0454545454545,2498.21590909091,15635.2727272727,11335.7727272727,20376.0909090909,20.2340909090909,3264.60227272727,2017-10-01,2017,10
Nov 2017,2097.44090909091,62118.0454545455,6826.54545454546,63.4090909090909,2461.43181818182,15638.3181818182,11972.0,19557.5227272727,22.3454545454545,3229.30681818182,2017-11-01,2017,11
Dec 2017,2080.47368421053,72632.0526315789,6833.89473684211,71.7380952380952,2509.92105263158,15637.0,11495.1052631579,19476.3684210526,24.6904761904762,3195.94736842105,2017-12-01,2017,12
Jan 2018,2209.72727272727,77293.5227272727,7065.85227272727,75.7826086956522,2584.09090909091,15635.5454545455,12864.875,20696.9090909091,23.3695652173913,3441.52272727273,2018-01-01,2018,1
Feb 2018,2181.7875,80792.6,7006.525,77.65,2581.0625,15630.4,13595.875,21651.55,21.7625,3532.9,2018-02-01,2018,2
Mar 2018,2069.2380952381,87614.9047619048,6799.17857142857,71.3181818181818,2390.0,19504.619047619,13392.5,21211.9404761905,21.7272727272727,3269.17857142857,2018-03-01,2018,3
Apr 2018,2254.6875,90782.5,6851.5125,66.3333333333333,2352.4125,24875.25,13938.1,21291.1,20.8452380952381,3188.05,2018-04-01,2018,4
May 2018,2299.66666666667,90250.0,6825.27380952381,66.6304347826087,2360.92857142857,24876.2380952381,14366.4880952381,20858.8333333333,21.9782608695652,3059.86904761905,2018-05-01,2018,5
Jun 2018,2237.61904761905,81188.0952380952,6965.85714285714,66.8571428571429,2436.28571428571,24882.3333333333,15105.6547619048,20660.5238095238,23.0714285714286,3088.57142857143,2018-06-01,2018,6
Jul 2018,2082.23863636364,70647.7272727273,6250.75,67.0454545454545,2207.02272727273,24884.3636363636,13793.8636363636,19729.7954545455,23.4159090909091,2656.125,2018-07-01,2018,7
Aug 2018,2051.51136363636,63302.2954545455,6051.04545454546,68.0217391304348,2053.53409090909,24895.3181818182,13411.3522727273,19228.7727272727,26.0478260869565,2512.0,2018-08-01,2018,8
Sep 2018,2026.4625,62210.325,6050.7625,68.8,2022.9125,24892.75,12510.35,18967.125,27.1075,2434.675,2018-09-01,2018,9
Oct 2018,2029.85869565217,60626.7826086957,6219.58695652174,72.0217391304348,1987.55434782609,24883.9565217391,12314.9130434783,19121.4782608696,27.5086956521739,2673.67391304348,2018-10-01,2018,10
Nov 2018,1938.51136363636,54962.9318181818,6195.92045454546,72.2954545454545,1937.11363636364,24884.8181818182,11239.7159090909,19064.8636363636,28.9340909090909,2595.69318181818,2018-11-01,2018,11
Dec 2018,1920.38157894737,55263.1578947368,6075.31578947368,68.9047619047619,1972.31578947368,24886.6315789474,10835.0789473684,19259.5789473684,28.7619047619048,2616.28947368421,2018-12-01,2018,12
Jan 2019,1853.71590909091,40704.5454545455,5939.10227272727,75.2,1997.13636363636,24881.3636363636,11523.0909090909,20457.75,28.7108695652174,2569.70454545455,2019-01-01,2019,1
Feb 2019,1862.9875,32100.0,6300.4875,87.59,2062.7875,24883.95,12685.225,21263.95,28.645,2707.1875,2019-02-01,2019,2
Mar 2019,1871.21428571429,31333.3333333333,6439.46428571429,87.0714285714286,2046.46428571429,26778.4447084395,13026.2738095238,21393.4047619048,27.202380952381,2850.59523809524,2019-03-01,2019,3
Apr 2019,1845.425,33500.0,6438.3625,94.5,1938.9875,26786.1648554629,12772.7875,20604.3,25.7045454545455,2932.65,2019-04-01,2019,4
May 2019,1781.2619047619,34166.6666666667,6017.90476190476,101.760869565217,1815.19047619048,26990.879813206,12016.3095238095,19523.9047619048,24.6847826086956,2742.80952380952,2019-05-01,2019,5
Jun 2019,1755.95,28809.0,5882.225,109.55,1899.7,27083.7889094125,11943.9375,19193.2,24.475,2601.225,2019-06-01,2019,6
Jul 2019,1796.98913043478,27340.3260869565,5941.19565217391,119.586956521739,1975.64130434783,25870.7672016083,13546.3043478261,17977.847826087,25.2282608695652,2446.51086956522,2019-07-01,2019,7
Aug 2019,1740.67857142857,30136.5714285714,5709.44047619048,93.5,2044.54761904762,26235.0092000007,15748.6428571429,16608.9880952381,25.2840909090909,2273.0119047619,2019-08-01,2019,8
Sep 2019,1753.5119047619,35720.4285714286,5759.25,92.2619047619048,2071.84523809524,26140.52537335,17656.880952381,16830.619047619,25.4119047619048,2331.55952380952,2019-09-01,2019,9
Oct 2019,1725.95652173913,35263.0869565217,5757.29782608696,88.5869565217391,2184.08695652174,24476.1037603953,17046.2173913043,16603.3913043478,24.9173913043478,2451.65217391304,2019-10-01,2019,10
Nov 2019,1774.78571428571,35510.1666666667,5859.95238095238,82.9047619047619,2021.15476190476,19679.931271037,15171.8095238095,16335.4761904762,24.9880952380952,2425.47619047619,2019-11-01,2019,11
Dec 2019,1771.38,33547.4625,6077.0625,90.9772727272727,1900.5375,20303.4720359165,13829.425,17141.05,25.625,2272.5375,2019-12-01,2019,12
Jan 2020,1773.09090909091,32213.0227272727,6031.20909090909,95.2173913043478,1923.93181818182,21302.6671342099,13506.8636363636,17029.1818181818,24.6413043478261,2354.30681818182,2020-01-01,2020,1
Feb 2020,1688.095,33542.075,5687.75,87.625,1872.5375,23154.049085967,12715.55,16480.3,24.6875,2113.2375,2020-02-01,2020,2
Mar 2020,1610.89090909091,31119.0454545455,5182.63181818182,88.6590909090909,1734.44136363636,20082.1078826591,11846.2272727273,15290.9090909091,24.6613636363636,1903.625,2020-03-01,2020,3
Apr 2020,1459.9345,29565.0,5057.972,83.75,1657.546,18173.8065832106,11804.0095,14952.8,29.9636363636364,1903.367,2020-04-01,2020,4
May 2020,1466.37157894737,29562.5921052632,5239.82631578947,91.3333333333333,1626.33526315789,19632.7446114114,12179.6052631579,15401.9184210526,33.5119047619048,1975.32263157895,2020-05-01,2020,5
Jun 2020,1568.57045454545,29074.3409090909,5754.59545454546,103.340909090909,1744.84318181818,18057.8634753252,12727.1522727273,16837.8409090909,33.0886363636364,2025.71454545455,2020-06-01,2020,6
