Month;ALUMINUM ($/mt);IRON_ORE ($/dmtu);COPPER ($/mt);LEAD ($/mt);Tin ($/mt);NICKEL ($/mt);Zinc ($/mt);GOLD ($/troy oz);PLATINUM ($/troy oz);SILVER ($/troy oz)
1960M01;511,47;11,42;715,40;206,10;2180,40;1631,00;260,80;35,27;83,50;0,91
1960M02;511,47;11,42;728,19;203,70;2180,40;1631,00;244,90;35,27;83,50;0,91
1960M03;511,47;11,42;684,94;210,30;2173,80;1631,00;248,70;35,27;83,50;0,91
1960M04;511,47;11,42;723,11;213,60;2178,20;1631,00;254,60;35,27;83,50;0,91
1960M05;511,47;11,42;684,75;213,40;2162,70;1631,00;253,80;35,27;83,50;0,91
1960M06;511,47;11,42;691,59;202,40;2184,80;1631,00;249,80;35,27;83,50;0,91
1960M07;511,47;11,42;702,39;196,20;2248,70;1631,00;248,70;35,27;83,50;0,91
1960M08;511,47;11,42;675,94;195,30;2204,60;1631,00;241,00;35,27;83,50;0,91
1960M09;511,47;11,42;647,06;192,70;2226,70;1631,00;240,10;35,27;83,50;0,91
1960M10;511,47;11,42;612,66;185,20;2226,70;1631,00;242,30;35,27;83,50;0,91
1960M11;511,47;11,42;642,13;188,10;2204,60;1631,00;241,40;35,27;83,50;0,91
1960M12;511,47;11,42;636,91;179,20;2189,20;1631,00;228,20;35,27;83,50;0,91
1961M01;511,47;11,02;606,71;175,90;2162,70;1711,00;218,00;35,25;83,50;0,91
1961M02;511,47;11,02;616,63;179,90;2187,00;1711,00;228,20;35,25;83,50;0,91
1961M03;511,47;11,02;621,26;181,70;2248,70;1711,00;233,20;35,25;83,50;0,91
1961M04;511,47;11,02;631,84;185,00;2308,20;1711,00;231,30;35,25;83,50;0,91
1961M05;511,47;11,02;668,44;183,60;2376,60;1711,00;227,10;35,25;83,50;0,91
1961M06;511,47;11,02;652,12;178,40;2467,00;1711,00;217,80;35,25;83,50;0,91
1961M07;511,47;11,02;633,39;178,80;2519,90;1711,00;214,70;35,25;83,50;0,91
1961M08;511,47;11,02;636,47;178,40;2605,90;1711,00;210,80;35,25;83,50;0,91
1961M09;511,47;11,02;632,72;176,40;2630,10;1711,00;203,70;35,25;83,50;0,91
1961M10;511,47;11,02;630,30;172,50;2605,90;1711,00;198,20;35,25;83,50;0,91
1961M11;511,47;11,02;632,28;166,40;2667,60;1711,00;191,80;35,25;83,50;0,92
1961M12;511,47;11,02;634,85;166,70;2619,10;1711,00;196,90;35,25;83,50;1,03
1962M01;511,47;11,01;635,37;162,90;2610,30;1761,00;193,60;35,23;83,50;1,04
1962M02;504,86;11,01;647,94;161,90;2623,50;1761,00;189,60;35,23;83,50;1,02
1962M03;496,04;11,01;647,50;167,10;2652,20;1761,00;191,40;35,23;83,50;1,02
1962M04;496,04;11,01;645,95;166,70;2614,70;1761,00;191,40;35,23;83,50;1,02
1962M05;496,04;11,01;645,73;164,90;2533,10;1761,00;188,50;35,23;83,50;1,02
1962M06;496,04;11,01;645,51;159,00;2414,10;1761,00;184,70;35,23;83,50;1,02
1962M07;496,04;11,01;645,51;148,40;2376,60;1761,00;182,10;35,23;83,50;1,04
1962M08;496,04;11,01;645,51;140,70;2350,10;1761,00;178,10;35,23;83,50;1,08
1962M09;496,04;11,01;645,51;143,10;2350,10;1761,00;176,60;35,23;83,50;1,15
1962M10;496,04;11,01;645,95;146,20;2358,90;1761,00;181,90;35,23;83,50;1,21
1962M11;496,04;11,01;645,51;149,70;2407,40;1761,00;188,50;35,23;83,50;1,19
1962M12;496,04;11,01;645,73;152,80;2365,60;1761,00;184,70;35,23;83,50;1,20
1963M01;496,04;11,02;645,51;149,40;2350,10;1741,00;186,30;35,09;83,50;1,24
1963M02;496,04;11,02;645,51;150,60;2350,10;1742,00;191,60;35,09;83,50;1,26
1963M03;496,04;11,02;645,51;153,70;2358,90;1742,00;197,50;35,09;83,50;1,27
1963M04;496,04;11,02;645,73;159,40;2427,30;1741,00;204,40;35,09;78,50;1,27
1963M05;496,04;11,02;645,51;167,10;2495,60;1742,00;209,40;35,09;78,50;1,28
1963M06;496,04;11,02;645,73;179,00;2500,00;1742,00;209,20;35,09;78,50;1,28
1963M07;496,04;11,02;645,51;179,50;2482,40;1741,00;204,80;35,09;78,50;1,29
1963M08;496,04;11,02;645,51;184,70;2495,60;1742,00;210,30;35,09;78,95;1,29
1963M09;496,04;11,02;645,51;187,00;2572,80;1742,00;211,20;35,09;80,75;1,29
1963M10;507,06;11,02;645,51;192,00;2590,40;1741,00;220,90;35,09;80,50;1,29
1963M11;507,06;11,02;645,73;190,50;2687,40;1742,00;231,50;35,09;82,97;1,29
1963M12;507,06;11,02;650,14;204,80;2782,20;1742,00;261,00;35,09;83,50;1,29
1964M01;507,06;10,24;655,65;217,60;2872,60;1741,00;264,10;35,10;88,27;1,29
1964M02;507,06;10,24;693,79;223,10;3060,00;1742,00;270,50;35,10;88,50;1,29
1964M03;524,70;10,24;745,16;223,80;2958,60;1742,00;277,10;35,10;88,50;1,29
1964M04;529,11;10,24;861,56;226,80;2879,20;1741,00;298,70;35,10;88,50;1,29
1964M05;529,11;10,24;828,28;243,80;2910,10;1742,00;343,00;35,10;88,50;1,29
1964M06;529,11;10,24;808,43;246,30;3265,00;1742,00;357,10;35,10;88,50;1,29
1964M07;529,11;10,24;854,95;270,90;3452,40;1741,00;385,10;35,10;88,50;1,29
1964M08;529,11;10,24;999,33;300,90;3512,00;1742,00;345,20;35,10;88,50;1,29
1964M09;529,11;10,24;1162,05;300,90;3933,00;1742,00;355,10;35,10;88,50;1,29
1964M10;529,11;10,24;1358,27;331,80;4371,80;1741,00;334,40;35,10;88,50;1,29
1964M11;529,11;10,24;1400,37;365,10;4105,00;1742,00;344,60;35,10;88,50;1,29
1964M12;540,13;10,24;1269,20;383,60;3633,20;1742,00;343,00;35,10;88,50;1,29
1965M01;540,13;10,24;1000,68;347,90;3456,80;1735,00;322,30;35,12;93,00;1,29
1965M02;540,13;10,24;1179,91;389,60;3390,70;1735,00;320,30;35,12;98,50;1,29
1965M03;540,13;10,24;1237,23;395,30;3584,70;1735,00;315,90;35,12;98,50;1,29
1965M04;540,13;10,24;1348,34;353,00;3944,10;1735,00;315,90;35,12;98,50;1,29
1965M05;540,13;15,30;1378,55;302,00;4215,20;1735,00;323,40;35,12;98,50;1,29
1965M06;540,13;10,24;1308,88;278,70;4131,50;1735,00;314,40;35,12;98,50;1,29
1965M07;540,13;10,24;1134,06;271,60;3966,10;1735,00;310,40;35,12;98,50;1,29
1965M08;540,13;10,24;1209,90;272,00;4091,80;1735,00;303,60;35,12;98,50;1,29
1965M09;540,13;10,24;1327,84;289,20;4208,60;1735,00;299,60;35,12;98,50;1,29
1965M10;540,13;10,24;1401,92;306,90;4010,20;1735,00;307,80;35,12;98,50;1,29
1965M11;540,13;10,24;1469,16;299,20;3820,60;1735,00;298,70;35,12;98,50;1,29
1965M12;540,13;10,24;1517,66;300,70;3869,10;1735,00;302,70;35,12;98,50;1,29
1966M01;540,13;9,52;1679,04;301,20;3926,40;1739,00;302,70;35,13;98,50;1,29
1966M02;540,13;9,52;1874,37;291,50;3877,90;1739,00;299,80;35,13;98,50;1,29
1966M03;540,13;9,52;1874,81;292,80;3772,10;1739,00;300,70;35,13;99,65;1,29
1966M04;540,13;9,52;1907,44;280,40;3763,30;1739,00;278,70;35,13;100,00;1,29
1966M05;540,13;9,52;1663,61;261,90;3688,30;1739,00;270,00;35,13;100,00;1,29
1966M06;540,13;9,52;1695,79;259,30;3516,40;1739,00;272,10;35,13;100,00;1,29
1966M07;540,13;9,52;1567,93;263,40;3514,20;1739,00;264,60;35,13;100,00;1,29
1966M08;540,13;9,52;1195,34;242,50;3428,20;1739,00;264,60;35,13;100,00;1,29
1966M09;540,13;9,52;1128,32;254,20;3377,50;1739,00;270,50;35,13;100,00;1,29
1966M10;540,13;9,52;1275,37;233,70;3362,00;1739,00;276,00;35,13;100,00;1,29
1966M11;540,13;9,52;1301,61;222,70;3320,20;1739,00;288,10;35,13;100,00;1,29
1966M12;540,13;9,52;1214,53;224,20;3335,60;1739,00;285,50;35,13;100,00;1,29
1967M01;540,13;8,86;1243,85;220,20;3302,50;1935,70;279,50;34,95;102,93;1,29
1967M02;540,13;8,86;1220,48;221,80;3309,10;1935,70;282,20;34,95;110,50;1,29
1967M03;540,13;8,86;1098,34;228,40;3318,00;1935,70;279,30;34,95;110,50;1,29
1967M04;540,13;8,86;994,72;226,60;3351,00;1935,70;272,10;34,95;110,50;1,29
1967M05;540,13;8,86;1036,17;226,20;3357,60;1935,70;275,10;34,95;110,50;1,30
1967M06;540,13;8,86;1015,22;228,20;3366,50;1935,70;274,30;34,95;110,50;1,30
1967M07;540,13;8,86;997,37;231,30;3362,00;1935,70;267,20;34,95;110,50;1,59
1967M08;540,13;8,86;1044,55;232,30;3291,50;1935,70;268,70;34,95;110,50;1,75
1967M09;540,13;8,86;1060,20;226,90;3267,20;1935,70;264,60;34,95;110,50;1,68
1967M10;540,13;8,86;1138,47;225,70;3280,50;1935,70;263,90;34,95;110,50;1,79
1967M11;540,13;8,86;1443,81;242,10;3298,10;1935,70;287,00;34,95;110,50;1,95
1967M12;540,13;8,86;1324,09;222,40;3192,30;1935,70;266,10;34,95;115,05;2,06
1968M01;540,13;8,77;1408,75;218,00;3126,20;2074,50;262,80;35,50;114,00;1,99
1968M02;540,13;8,77;1719,82;227,50;3110,70;2074,50;259,70;36,00;111,50;1,85
1968M03;540,13;8,77;1701,08;233,90;3112,90;2074,50;257,50;37,00;111,50;2,18
1968M04;540,13;8,77;1255,09;235,00;3106,30;2074,50;258,20;37,86;111,50;2,20
1968M05;540,13;8,77;1096,58;237,70;3084,30;2074,50;261,50;40,70;111,50;2,38
1968M06;562,18;8,77;1136,70;238,50;3084,30;2074,50;262,10;41,14;111,50;2,46
1968M07;562,18;8,77;1054,25;247,10;3075,40;2074,50;265,70;39,46;122,50;2,31
1968M08;562,18;8,77;1056,45;250,20;3062,20;2074,50;269,00;39,19;122,50;2,19
1968M09;562,18;8,77;1110,03;251,50;3071,00;2074,50;263,00;40,18;122,50;2,21
1968M10;562,18;8,77;1079,82;247,80;3110,70;2074,50;262,10;39,21;122,50;1,97
1968M11;562,18;8,77;1099,88;248,50;3320,20;2074,50;264,10;39,78;122,50;2,02
1968M12;562,18;8,77;1184,98;250,20;3258,40;2074,50;269,00;41,08;122,50;1,96
1969M01;573,20;9,84;1255,53;254,20;3227,60;2363,40;269,40;42,30;122,50;1,98
1969M02;584,22;9,84;1285,29;258,40;3245,20;2363,40;267,40;42,60;122,50;1,84
1969M03;584,22;9,84;1278,46;261,20;3243,00;2363,40;271,60;43,16;122,50;1,83
1969M04;584,22;9,84;1388,03;268,30;3304,70;2363,40;272,70;43,31;122,50;1,78
1969M05;584,22;9,84;1392,44;278,20;3355,40;2363,40;278,90;43,46;122,50;1,76
1969M06;584,22;9,84;1483,04;285,50;3379,70;2363,40;281,30;41,44;122,50;1,65
1969M07;584,22;9,84;1453,95;311,10;3439,20;2363,40;283,70;41,76;122,50;1,62
1969M08;584,22;9,84;1606,73;315,90;3470,10;2363,40;293,90;41,09;122,50;1,65
1969M09;584,22;9,84;1578,95;302,50;3470,10;2363,40;299,40;40,87;122,50;1,79
1969M10;601,86;9,84;1554,48;293,70;3534,00;2363,40;298,90;40,44;122,75;1,87
1969M11;606,27;9,84;1631,42;315,70;3642,00;2363,40;309,50;37,40;132,50;1,92
1969M12;606,27;9,84;1699,76;334,00;3818,40;2363,40;310,20;35,17;132,50;1,81
1970M01;606,27;9,84;1626,30;324,70;3842,70;2846,20;302,40;34,94;132,50;1,88
1970M02;606,27;9,84;1657,20;341,00;3767,70;2846,20;298,00;34,99;132,50;1,90
1970M03;606,27;9,84;1754,00;335,50;3796,40;2846,20;296,00;35,09;132,50;1,89
1970M04;612,88;9,84;1741,60;321,20;3849,30;2846,20;293,40;35,62;132,50;1,85
1970M05;617,29;9,84;1597,90;291,60;3736,80;2846,20;291,70;35,95;132,50;1,67
1970M06;617,29;9,84;1458,00;308,20;3542,80;2846,20;293,20;35,42;132,50;1,64
1970M07;617,29;9,84;1366,60;300,70;3498,70;2846,20;298,10;35,32;132,50;1,69
1970M08;617,29;9,84;1266,50;285,40;3620,00;2846,20;298,10;35,38;132,50;1,80
1970M09;617,29;9,84;1246,90;284,80;3646,40;2846,20;300,00;36,19;132,50;1,80
1970M10;617,29;9,84;1142,40;285,20;3668,50;2846,20;296,50;37,52;132,50;1,75
1970M11;617,29;9,84;1085,30;279,90;3615,60;2846,20;293,20;37,44;132,50;1,76
1970M12;617,29;9,84;1045,70;276,70;3496,50;2846,20;289,20;37,44;132,50;1,63
1971M01;617,29;10,33;1010,00;262,50;3465,70;2932,10;284,60;37,88;129,00;1,64
1971M02;617,29;10,33;1020,20;266,10;3463,50;2932,10;272,10;38,74;122,50;1,60
1971M03;617,29;10,33;1144,10;267,40;3527,40;2932,10;283,70;38,87;122,50;1,67
1971M04;617,29;10,33;1251,50;268,00;3562,70;2932,10;283,50;39,01;122,50;1,73
1971M05;617,29;10,33;1114,40;264,50;3520,80;2932,10;287,70;40,52;122,50;1,67
1971M06;617,29;10,33;1074,20;273,30;3448,00;2932,10;308,60;40,10;122,50;1,61
1971M07;617,29;10,33;1115,30;261,90;3456,80;2932,10;317,60;40,95;122,50;1,58
1971M08;628,32;10,33;1097,90;258,30;3478,90;2932,10;322,50;42,71;122,50;1,59
1971M09;639,34;10,33;1056,40;239,20;3525,20;2932,10;311,20;42,03;122,50;1,42
1971M10;639,34;10,33;1041,20;229,50;3489,90;2932,10;336,60;42,50;122,50;1,34
1971M11;641,54;10,33;1013,90;221,80;3534,00;2932,10;344,40;42,86;122,50;1,32
1971M12;665,80;10,33;1037,90;231,00;3670,70;2932,10;358,90;43,48;122,50;1,39
1972M01;670,20;10,33;1078,00;251,90;3626,60;3079,90;379,80;45,75;122,50;1,47
1972M02;670,20;10,33;1112,40;294,30;3631,00;3079,90;389,70;48,26;122,50;1,50
1972M03;670,20;10,33;1108,20;320,50;3789,70;3079,90;397,40;48,33;122,50;1,54
1972M04;670,20;10,33;1133,00;315,90;3844,90;3079,90;395,00;49,03;122,50;1,57
1972M05;599,66;10,33;1106,40;317,90;3765,50;3079,90;386,20;54,62;122,50;1,58
1972M06;566,59;10,33;1063,20;311,90;3741,20;3079,90;371,00;62,09;122,50;1,57
1972M07;537,93;10,33;1034,60;303,70;3732,40;3079,90;363,70;65,66;128,00;1,74
1972M08;540,13;10,33;1046,70;297,80;3754,50;3079,90;363,50;67,03;132,50;1,85
1972M09;537,93;10,33;1060,60;302,40;3803,00;3079,90;368,40;65,46;132,50;1,78
1972M10;537,93;10,33;917,50;297,20;3758,90;3079,90;363,70;64,86;132,50;1,81
1972M11;540,13;10,33;1007,10;298,00;3701,60;3079,90;378,90;62,91;132,50;1,83
1972M12;540,13;10,33;1024,40;308,40;3730,20;3079,90;375,00;63,91;132,50;1,98
1973M01;542,34;10,33;1119,00;318,30;3789,70;3373,10;387,00;65,14;132,50;2,02
1973M02;557,77;10,33;1243,60;339,90;4027,80;3373,10;422,00;74,20;141,97;2,24
1973M03;571,00;10,33;1509,50;372,10;4288,00;3373,10;474,00;84,37;152,50;2,31
1973M04;571,00;10,33;1588,40;387,10;4270,30;3373,10;513,00;90,50;152,50;2,21
1973M05;582,02;10,33;1552,20;396,40;4347,50;3373,10;549,00;101,96;152,50;2,40
1973M06;601,86;10,33;1748,70;425,30;4530,50;3373,10;656,00;120,12;152,50;2,62
1973M07;634,93;10,33;2021,20;469,80;4962,60;3373,10;842,00;120,17;152,50;2,71
1973M08;619,50;10,33;2123,00;447,50;5004,50;3373,10;914,00;106,76;152,50;2,64
1973M09;604,07;10,33;1936,10;444,70;5011,10;3373,10;976,00;102,97;155,24;2,68
1973M10;621,70;10,33;2065,30;471,60;5359,40;3373,10;1163,00;100,08;160,50;2,89
1973M11;650,36;10,33;2273,00;490,00;5573,30;3373,10;1625,00;94,92;160,50;2,86
1973M12;632,73;10,33;2244,30;593,50;6461,70;3373,10;1623,00;106,72;160,50;3,14
1974M01;604,07;13,38;2032,40;565,70;6503,60;3571,50;1330,00;129,19;162,68;3,64
1974M02;619,50;13,38;2291,70;649,20;7418,50;3571,50;1516,00;150,13;172,50;5,36
1974M03;687,84;13,38;2743,40;708,30;8218,80;3571,50;1630,00;168,42;172,50;5,33
1974M04;751,78;13,38;3031,80;702,00;9206,50;3571,50;1743,00;172,24;172,50;5,04
1974M05;765,00;13,38;2875,70;668,70;9305,70;3571,50;1782,00;163,27;174,55;5,43
1974M06;756,18;13,38;2440,00;570,10;9041,10;3571,50;1410,00;154,10;195,00;4,90
1974M07;760,59;13,38;1919,10;548,50;8547,30;4079,00;1097,00;142,98;195,00;4,42
1974M08;848,78;13,38;1802,90;549,60;8787,60;4079,00;1066,00;154,64;195,00;4,43
1974M09;837,76;13,38;1460,50;539,30;9166,80;4079,00;911,00;151,75;195,00;4,05
1974M10;844,37;13,38;1398,80;537,30;7409,70;4079,00;825,00;158,78;195,00;4,83
1974M11;842,16;13,38;1416,70;534,20;7403,10;4079,00;794,00;181,66;195,00;4,69
1974M12;859,80;13,38;1289,00;534,20;7202,50;4079,00;771,00;183,78;195,00;4,39
1975M01;895,08;17,30;1211,20;538,40;7676,50;4431,00;799,00;176,27;195,00;4,19
1975M02;908,30;17,30;1266,50;541,20;7557,40;4431,00;794,00;179,60;180,53;4,37
1975M03;917,12;17,30;1344,20;542,80;7383,30;4431,00;803,00;178,16;175,00;4,33
1975M04;897,28;17,30;1329,20;479,50;7129,70;4431,00;783,00;169,84;163,06;4,21
1975M05;903,89;17,30;1253,80;356,90;6898,30;4431,00;747,00;167,39;160,00;4,54
1975M06;903,89;17,30;1193,00;353,40;6926,90;4431,00;751,00;164,24;160,00;4,49
1975M07;864,21;17,30;1222,40;359,30;6810,10;4431,00;707,00;165,17;162,73;4,70
1975M08;837,76;17,30;1277,10;383,60;6774,80;4431,00;737,00;163,00;175,00;4,93
1975M09;826,73;17,30;1210,10;370,00;6558,70;4852,00;724,00;144,17;175,00;4,52
1975M10;815,71;17,30;1178,80;344,60;6347,10;4852,00;706,00;142,79;172,17;4,33
1975M11;813,50;17,30;1179,70;337,30;6281,00;4852,00;705,00;142,42;160,00;4,33
1975M12;837,76;17,30;1151,00;333,10;6175,10;4852,00;686,00;139,30;160,00;4,08
1976M01;853,19;22,72;1193,00;337,00;6241,30;4850,00;692,00;131,05;160,00;4,06
1976M02;850,98;22,72;1219,00;348,00;6508,00;4850,00;690,00;131,06;160,00;4,09
1976M03;815,71;22,72;1329,00;384,00;6902,70;4850,00;728,00;132,76;160,00;4,19
1976M04;820,12;22,72;1510,00;454,00;7123,10;4850,00;789,00;127,94;160,00;4,36
1976M05;824,53;22,72;1512,00;483,00;7449,40;4850,00;774,00;126,92;160,00;4,49
1976M06;804,69;22,72;1550,00;476,00;7766,90;4850,00;750,00;125,71;163,54;4,81
1976M07;903,89;22,72;1647,00;509,00;8496,60;4850,00;776,00;117,73;171,12;4,76
1976M08;939,17;22,72;1539,00;483,00;8084,30;4850,00;741,00;109,93;156,15;4,28
1976M09;996,49;22,72;1459,00;481,00;7960,90;4938,00;712,00;114,15;158,24;4,30
1976M10;947,99;22,72;1285,00;465,00;7971,90;5313,00;639,00;116,15;157,90;4,22
1976M11;947,99;22,72;1279,00;459,00;8121,80;5313,00;604,00;130,46;156,83;4,35
1976M12;974,44;22,72;1287,00;478,00;8399,60;5313,00;642,00;133,93;151,99;4,36
1977M01;1058,22;23,06;1396,00;560,00;9486,50;5313,00;692,00;132,26;154,55;4,42
1977M02;1078,06;23,06;1426,00;648,00;10227,20;5313,00;703,00;136,24;161,27;4,53
1977M03;1082,47;23,06;1515,00;703,00;10372,70;5313,00;719,00;148,23;162,99;4,87
1977M04;1082,47;23,06;1429,00;648,00;9596,70;5187,00;655,00;149,17;160,74;4,79
1977M05;1082,47;23,06;1371,00;661,00;9843,60;5282,00;611,00;146,61;156,55;4,70
1977M06;1102,31;23,06;1312,00;567,00;9627,60;5313,00;542,00;140,78;150,36;4,48
1977M07;1170,65;23,06;1248,00;562,00;10416,80;5313,00;542,00;143,39;149,57;4,53
1977M08;1183,88;23,06;1160,00;551,00;11309,70;5313,00;520,00;144,94;148,86;4,47
1977M09;1183,88;23,06;1195,00;582,00;11157,60;5313,00;518,00;149,53;150,33;4,54
1977M10;1203,72;23,06;1210,00;615,00;12153,80;4586,00;511,00;158,95;157,62;4,76
1977M11;1236,79;23,06;1182,00;633,00;12676,60;4586,00;525,00;162,10;169,67;4,83
1977M12;1261,04;23,06;1261,00;686,00;12784,60;4586,00;538,00;160,45;177,35;4,72
1978M01;1316,16;21,45;1261,00;664,00;12121,00;4586,00;518,00;173,18;201,73;4,92
1978M02;1320,57;21,45;1217,00;582,00;12149,70;4586,00;478,00;178,14;224,41;4,96
1978M03;1298,52;21,45;1254,00;582,00;11422,10;4586,00;507,00;183,61;226,78;5,27
1978M04;1258,84;21,45;1285,00;573,00;11005,50;4696,00;553,00;175,28;214,09;5,17
1978M05;1236,79;21,45;1303,00;545,00;11704,30;4696,00;562,00;176,31;232,73;5,13
1978M06;1247,81;21,45;1333,00;570,00;12356,90;4645,00;578,00;183,75;244,96;5,33
1978M07;1289,70;21,45;1337,00;582,00;12414,20;4586,00;584,00;188,73;245,64;5,36
1978M08;1320,57;21,45;1426,00;639,00;12994,50;4586,00;618,00;206,30;267,35;5,54
1978M09;1382,30;21,45;1442,00;693,00;13889,10;4586,00;634,00;212,08;269,34;5,59
1978M10;1424,63;21,45;1506,00;830,00;15256,00;4586,00;713,00;227,44;331,83;5,94
1978M11;1394,42;21,45;1481,00;824,00;15035,50;4586,00;695,00;206,20;328,51;5,87
1978M12;1408,75;21,45;1533,00;859,00;14153,70;4586,00;687,00;207,85;340,44;5,94
1979M01;1264,76;23,50;1659,00;992,00;13853,80;4586,00;720,00;227,28;358,47;6,20
1979M02;1441,91;23,50;1944,00;1055,00;14526,20;4546,00;793,00;245,67;410,41;7,35
1979M03;1541,69;23,50;2050,00;1177,00;15022,30;4819,00;795,00;242,05;397,76;7,42
1979M04;1569,19;23,50;2100,00;1161,00;15136,90;5379,00;789,00;239,11;391,16;7,44
1979M05;1576,08;23,50;1926,00;1239,00;15361,80;5968,00;778,00;257,59;430,39;8,38
1979M06;1596,56;23,50;1877,90;1382,00;16135,60;6519,00;754,00;279,07;430,29;8,56
1979M07;1534,47;23,50;1814,00;1272,00;15780,70;6614,00;722,00;294,74;411,79;9,05
1979M08;1561,89;23,50;1976,40;1213,00;14793,00;6614,00;665,00;300,82;394,34;9,31
1979M09;1615,61;23,50;2095,90;1231,00;15399,30;6614,00;724,00;354,95;462,93;13,76
1979M10;1786,22;23,50;2075,90;1319,00;16012,20;6614,00;707,00;391,66;519,87;16,63
1979M11;1832,55;23,50;2090,00;1225,00;16360,50;6614,00;702,00;391,99;505,64;16,65
1979M12;1913,49;23,50;2214,00;1233,00;16986,60;6945,00;751,00;455,08;600,53;22,45
1980M01;2054,86;28,09;2601,00;1118,00;17013,00;6584,80;774,00;675,31;806,79;38,88
1980M02;2131,01;28,09;2918,00;1168,00;17100,40;6978,90;870,00;665,32;882,31;35,24
1980M03;1978,38;28,09;2306,00;1121,00;17470,30;6733,80;743,00;553,58;746,54;24,73
1980M04;1932,46;28,09;2070,00;969,00;17017,20;6233,30;708,00;517,41;589,06;14,95
1980M05;1775,80;28,09;2037,00;772,00;17041,70;6000,80;691,50;513,80;559,65;12,68
1980M06;1668,96;28,09;2006,00;739,00;17223,90;6294,90;678,10;600,72;641,84;15,78
1980M07;1758,07;28,09;2176,00;811,00;17090,80;6622,20;714,00;643,27;670,35;16,32
1980M08;1783,63;28,09;2082,10;853,00;17018,40;6584,50;769,00;627,15;644,24;15,94
1980M09;1655,07;28,09;2060,00;883,00;17308,30;6655,30;796,00;673,63;695,88;19,89
1980M10;1626,15;28,09;2040,00;879,00;16692,10;6691,90;805,00;661,15;675,60;20,20
1980M11;1503,91;28,09;2010,00;813,00;15615,50;6452,70;802,00;624,77;632,60;18,58
1980M12;1430,66;28,09;1879,00;743,00;14707,00;6391,00;784,00;538,26;604,34;16,46
1981M01;1430,83;28,09;1869,10;705,30;14332,70;6403,80;777,40;557,39;536,01;14,79
1981M02;1452,38;28,09;1801,00;689,30;13633,40;6370,70;731,00;499,76;479,69;13,06
1981M03;1442,95;28,09;1818,00;729,70;13633,00;6292,40;751,00;499,11;490,88;12,34
1981M04;1369,23;28,09;1821,00;758,70;13365,00;6307,00;824,00;495,80;481,17;11,47
1981M05;1297,00;28,09;1742,00;696,90;12663,50;6352,20;851,00;479,70;461,92;10,85
1981M06;1232,41;28,09;1700,00;712,10;12603,50;6169,40;840,00;461,09;443,42;10,00
1981M07;1175,31;28,09;1681,90;784,30;13358,00;6150,20;865,10;409,07;406,71;8,58
1981M08;1230,83;28,09;1787,00;824,00;14485,00;5999,20;955,00;410,16;417,60;8,92
1981M09;1168,91;28,09;1710,40;763,60;14935,10;5579,00;939,20;443,75;435,61;10,05
1981M10;1140,18;28,09;1666,30;716,50;15112,60;5216,80;891,70;437,76;420,25;9,23
1981M11;1081,85;28,09;1651,40;666,00;15836,20;5100,20;876,90;413,37;397,07;8,54
1981M12;1130,88;28,09;1655,30;674,30;15951,50;5496,10;845,50;410,09;399,45;8,45
1982M01;1113,30;32,50;1610,60;648,20;16133,10;5628,80;818,50;384,14;369,59;7,99
1982M02;1087,70;32,50;1598,00;618,00;15992,60;5716,80;822,90;374,13;359,63;8,28
1982M03;1029,20;32,50;1510,40;612,50;12766,30;5653,30;789,70;330,25;317,62;7,23
1982M04;996,20;32,50;1521,70;574,70;12618,10;5394,00;742,50;350,30;337,93;7,31
1982M05;973,30;32,50;1527,70;574,70;12735,90;5211,90;750,20;333,71;310,39;6,68
1982M06;918,80;32,50;1300,00;520,70;11087,00;5186,60;691,90;314,98;276,26;5,56
1982M07;957,80;32,50;1440,90;552,40;11316,60;5068,60;726,90;338,97;287,97;6,46
1982M08;958,90;32,50;1451,50;522,90;12195,70;4953,10;715,50;364,23;296,81;7,11
1982M09;959,50;32,50;1426,50;515,30;12675,70;4310,30;749,50;437,31;334,13;8,78
1982M10;951,50;32,50;1461,00;497,40;12413,80;3916,50;751,30;422,15;334,54;9,39
1982M11;965,20;32,50;1443,80;462,40;11981,90;3433,70;710,00;414,89;345,91;9,79
1982M12;987,40;32,50;1473,20;448,00;11992,90;3576,30;668,50;444,50;368,72;10,57
1983M01;1076,50;29,00;1571,90;475,30;12082,60;3797,00;699,10;481,29;452,85;12,34
1983M02;1230,40;29,00;1647,40;454,50;13034,20;4228,20;681,40;491,09;464,51;13,98
1983M03;1301,80;29,00;1597,70;443,30;13426,00;4831,90;678,40;419,70;401,06;10,64
1983M04;1363,60;29,00;1674,90;457,60;13792,80;4817,80;697,50;432,88;413,68;11,61
1983M05;1453,40;29,00;1765,70;433,10;13522,90;5031,60;735,60;438,01;448,52;12,92
1983M06;1465,60;29,00;1701,20;408,10;13354,00;4883,20;718,40;412,84;422,37;11,74
1983M07;1520,20;29,00;1704,30;403,30;13193,00;4804,10;739,80;402,91;433,27;12,03
1983M08;1603,60;29,00;1639,80;398,00;12826,00;4852,80;808,90;416,20;435,56;12,06
1983M09;1613,70;29,00;1560,70;404,70;12755,30;4910,60;837,80;411,80;431,11;11,96
1983M10;1566,30;29,00;1435,20;419,40;12750,80;4674,20;859,00;393,60;395,87;9,89
1983M11;1516,80;29,00;1389,10;404,70;12772,50;4585,20;859,10;381,70;387,67;8,81
1983M12;1549,30;29,00;1415,20;402,10;12345,50;4657,00;857,00;388,34;393,22;9,15
1984M01;1548,90;26,15;1375,70;397,50;12117,80;4670,50;957,80;370,89;376,25;8,25
1984M02;1491,20;26,15;1429,80;404,50;12297,70;4639,80;998,40;385,96;391,23;9,12
1984M03;1455,80;26,15;1501,20;459,50;12406,10;4780,70;1040,60;394,26;398,43;9,65
1984M04;1370,30;26,15;1532,60;481,70;12445,00;4911,50;1004,10;381,37;391,62;9,25
1984M05;1289,10;26,15;1420,90;453,10;12582,80;4811,40;1001,30;377,40;387,86;8,97
1984M06;1275,00;26,15;1366,50;484,30;12662,20;4773,20;941,50;377,70;381,55;8,77
1984M07;1162,80;26,15;1330,80;493,60;12438,70;4640,30;853,60;347,71;343,32;7,46
1984M08;1135,80;26,15;1337,50;467,40;12302,20;4736,00;834,10;347,70;339,78;7,60
1984M09;1012,10;26,15;1293,60;401,60;12091,10;4705,50;873,30;340,20;326,70;7,25
1984M10;1027,90;26,15;1273,00;412,00;11744,90;4750,30;843,70;341,00;324,34;7,29
1984M11;1151,80;26,15;1345,10;440,50;11991,20;4748,30;855,10;342,00;328,49;7,49
1984M12;1095,20;26,15;1321,10;415,60;11722,20;4859,00;859,70;319,54;304,13;6,64
1985M01;1075,40;26,56;1359,10;420,50;11073,40;4947,20;867,10;302,79;274,39;6,10
1985M02;1098,20;26,56;1388,50;368,20;10946,00;5050,80;886,60;299,10;269,40;6,06
1985M03;1095,30;26,56;1389,90;352,00;11210,60;5211,70;920,90;313,50;260,76;5,99
1985M04;1106,30;26,56;1501,80;389,60;11806,40;5489,50;931,30;326,80;282,72;6,44
1985M05;1105,20;26,56;1530,60;376,00;11909,80;5604,10;881,30;316,00;272,38;6,27
1985M06;1032,20;26,56;1432,40;389,40;12385,80;5553,40;808,00;316,50;267,80;6,18
1985M07;1011,60;26,56;1474,60;403,10;12755,80;5090,50;766,80;317,20;268,91;6,00
1985M08;1019,30;26,56;1420,20;413,60;12647,20;4907,50;735,10;330,40;307,80;6,15
1985M09;985,10;26,56;1366,40;400,40;12325,20;4570,20;689,50;323,35;311,15;6,05
1985M10;970,50;26,56;1384,70;393,40;12391,10;4239,50;631,90;325,85;323,46;6,18
1985M11;950,40;26,56;1369,50;394,20;9903,20;4034,50;597,50;321,50;334,40;6,10
1985M12;1039,20;26,56;1390,90;389,90;9114,00;4089,60;685,30;321,90;336,82;5,85
1986M01;1119,24;26,26;1418,30;368,40;7910,00;4034,50;644,00;347,48;363,76;6,02
1986M02;1114,85;26,26;1405,50;367,30;7922,90;3988,20;608,70;338,89;376,04;5,86
1986M03;1168,01;26,26;1445,10;367,20;7313,60;4122,60;625,70;345,70;413,64;5,62
1986M04;1164,44;26,26;1434,60;369,50;5686,10;3999,20;659,90;340,44;418,39;5,19
1986M05;1164,30;26,26;1418,74;376,50;5474,20;4043,30;707,30;342,40;413,62;5,07
1986M06;1183,04;26,26;1413,14;418,40;5378,30;4087,40;804,20;342,70;432,49;5,13
1986M07;1123,06;26,26;1344,30;379,80;5386,60;3911,00;807,10;348,34;438,80;5,03
1986M08;1129,23;26,26;1303,10;392,20;5404,30;3807,40;816,00;376,66;540,33;5,18
1986M09;1205,82;26,26;1347,00;407,20;5397,20;3723,60;871,10;417,73;604,48;5,63
1986M10;1161,94;26,26;1316,80;434,60;5542,80;3644,20;886,20;423,51;581,25;5,64
1986M11;1131,81;26,26;1303,20;473,40;6092,30;3642,00;820,00;397,56;517,07;5,55
1986M12;1133,48;26,26;1335,60;518,40;6428,10;3571,50;798,20;390,92;480,61;5,35
1987M01;1171,40;25,30;1346,00;464,10;6712,70;3525,20;759,70;408,26;515,97;5,51
1987M02;1283,44;25,30;1379,83;460,40;6688,40;3717,00;740,40;401,12;517,86;5,48
1987M03;1367,26;25,30;1465,72;487,00;6631,50;3772,10;731,60;408,91;532,63;5,66
1987M04;1400,97;25,30;1484,24;555,60;6699,80;3897,80;761,90;438,35;585,65;7,35
1987M05;1411,60;25,30;1520,44;693,30;6747,40;4435,70;838,70;460,23;606,73;8,46
1987M06;1472,33;25,30;1571,87;629,30;6610,40;4435,70;878,40;449,59;569,00;7,42
1987M07;1653,09;25,30;1694,62;663,60;6404,90;4753,20;829,80;450,52;572,35;7,61
1987M08;1810,37;25,30;1756,31;659,30;6556,10;5306,50;804,10;461,15;609,92;7,84
1987M09;1746,28;25,30;1811,01;646,80;6406,30;5333,00;756,70;460,38;590,00;7,61
1987M10;1962,66;25,30;1967,20;601,40;6763,80;5692,30;769,90;465,35;568,05;7,61
1987M11;1681,00;25,30;2523,90;642,20;6927,30;5937,00;848,00;467,57;500,30;6,76
1987M12;1823,93;25,30;2868,90;659,10;6829,40;7661,10;866,30;486,24;500,22;6,81
1988M01;2002,46;24,30;2663,20;666,80;6808,10;8073,30;878,50;476,58;494,07;6,74
1988M02;2138,02;24,30;2330,20;655,70;6690,10;8666,90;876,40;442,07;458,51;6,34
1988M03;2526,41;24,30;2359,30;648,70;6772,90;15496,80;981,90;443,61;496,38;6,41
1988M04;2508,35;24,30;2286,30;649,40;6752,60;18011,80;1069,20;451,55;526,98;6,48
1988M05;2988,16;24,30;2447,99;668,30;6777,60;17025,00;1176,70;451,07;548,84;6,54
1988M06;3577,86;24,30;2540,27;677,50;7035,80;15589,80;1365,30;451,33;579,63;7,02
1988M07;2582,05;24,30;2213,51;619,30;7148,80;14591,30;1237,40;437,63;548,64;7,04
1988M08;2701,14;24,30;2200,68;601,60;7322,70;14187,00;1309,20;431,28;532,88;6,71
1988M09;2387,12;24,30;2435,53;609,80;7408,50;11878,40;1330,30;413,46;512,57;6,38
1988M10;2309,49;24,30;2939,51;655,20;7252,70;11557,50;1519,90;406,78;525,73;6,28
1988M11;2381,76;24,30;3304,66;691,40;7312,40;13342,00;1559,00;420,17;575,78;6,29
1988M12;2502,65;24,30;3498,91;731,00;7337,40;16920,00;1594,30;419,05;564,11;6,12
1989M01;2397,55;27,83;3394,06;675,70;7409,60;17725,00;1734,00;404,01;526,93;6,00
1989M02;2183,05;27,83;3096,92;621,60;7873,70;18523,80;1932,40;387,51;531,94;5,88
1989M03;2073,71;27,83;3264,14;589,20;8760,50;17157,10;1961,60;390,15;538,03;5,96
1989M04;2125,75;27,83;3117,91;608,10;10195,90;15261,30;1656,40;384,40;537,67;5,79
1989M05;2259,31;27,83;2738,98;643,40;10143,70;13454,20;1628,40;371,05;516,75;5,45
1989M06;1914,16;27,83;2546,01;666,10;9935,50;12142,60;1539,00;367,60;497,35;5,27
1989M07;1755,93;27,83;2505,00;691,60;9605,20;12275,00;1616,90;375,04;501,91;5,22
1989M08;1798,32;27,83;2762,20;702,30;8715,60;12909,70;1730,40;365,14;484,64;5,18
1989M09;1717,93;27,83;2884,40;728,10;8269,70;11222,10;1628,90;361,75;477,67;5,13
1989M10;1820,02;27,83;2861,40;751,80;7922,40;10424,90;1584,60;366,88;485,82;5,14
1989M11;1736,09;27,83;2591,30;692,80;6837,30;9793,20;1437,60;394,26;510,19;5,48
1989M12;1633,26;27,83;2418,60;711,00;6744,10;8809,20;1455,00;409,39;506,81;5,57
1990M01;1528,25;32,50;2366,64;707,80;6592,00;7055,90;1297,00;410,11;497,66;5,25
1990M02;1454,28;32,50;2360,16;779,80;6156,10;6976,90;1396,80;416,81;516,10;5,29
1990M03;1567,39;32,50;2625,61;1062,30;6270,50;9266,80;1607,40;393,06;497,06;5,08
1990M04;1525,55;32,50;2686,15;836,10;6390,90;8939,50;1685,60;374,24;478,15;5,07
1990M05;1526,93;32,50;2741,95;825,60;6324,60;8698,00;1774,60;369,05;488,55;5,08
1990M06;1565,79;32,50;2584,56;838,00;6096,00;8422,10;1714,80;352,33;481,11;4,92
1990M07;1570,96;32,50;2769,49;875,40;5924,40;9318,20;1637,00;362,53;478,79;4,87
1990M08;1782,02;32,50;2957,03;876,10;5905,20;10957,40;1615,10;394,73;492,73;5,01
1990M09;2066,53;32,50;3031,37;838,50;5707,00;10844,00;1537,50;389,32;461,66;4,80
1990M10;1945,70;32,50;2743,56;760,90;6061,40;9145,40;1352,60;380,74;424,95;4,39
1990M11;1617,50;32,50;2585,89;701,20;5981,30;8587,40;1277,70;381,73;422,24;4,17
1990M12;1522,44;32,50;2485,38;624,80;5615,20;8157,60;1265,40;376,95;420,07;4,08
1991M01;1515,18;34,76;2448,52;600,40;5623,20;8568,80;1206,20;383,64;407,84;4,05
1991M02;1504,60;34,76;2449,38;593,80;5583,70;8672,30;1188,10;363,83;386,79;3,74
1991M03;1496,00;34,76;2409,63;603,00;5517,40;8700,80;1198,60;363,34;399,99;3,94
1991M04;1391,86;34,76;2472,04;600,90;5560,00;9021,00;1252,90;358,38;396,88;3,98
1991M05;1296,05;34,76;2305,88;555,20;5701,70;8452,40;1090,90;356,95;389,64;4,05
1991M06;1275,15;34,76;2219,28;549,40;5710,60;8280,00;1061,60;366,72;376,05;4,39
1991M07;1296,78;34,76;2236,28;548,10;5669,60;8541,30;1063,10;367,69;376,03;4,35
1991M08;1256,45;34,76;2233,19;540,20;5638,80;8144,70;1046,30;356,31;346,35;3,96
1991M09;1211,81;34,76;2324,57;539,80;5570,30;7680,70;1023,20;348,74;349,34;4,04
1991M10;1150,03;34,76;2363,64;522,30;5549,60;7443,00;991,70;358,69;362,48;4,12
1991M11;1134,80;34,76;2379,84;506,20;5505,50;7244,60;1093,30;360,17;365,11;4,07
1991M12;1097,55;34,76;2223,14;532,10;5510,10;7117,80;1188,00;361,73;353,30;3,94
1992M01;1177,07;33,10;2139,23;514,90;5476,90;7517,30;1153,70;354,45;341,19;4,11
1992M02;1266,83;33,10;2205,97;505,00;5615,70;7861,90;1130,70;353,91;362,12;4,15
1992M03;1280,47;33,10;2227,33;521,20;5632,00;7417,70;1214,60;344,34;356,94;4,11
1992M04;1317,05;33,10;2215,33;532,80;5838,90;7420,60;1304,30;338,62;347,30;4,05
1992M05;1306,79;33,10;2216,52;520,30;6121,10;7326,80;1372,90;337,24;358,59;4,07
1992M06;1275,55;33,10;2299,20;548,10;6618,80;7192,80;1385,20;340,81;369,13;4,06
1992M07;1313,05;33,10;2520,32;626,10;6989,40;7497,90;1320,20;352,72;383,12;3,97
1992M08;1305,05;33,10;2521,64;654,50;6780,40;7268,00;1360,40;343,06;359,55;3,81
1992M09;1269,61;33,10;2414,06;621,10;6643,20;6917,50;1366,90;345,43;362,14;3,77
1992M10;1173,78;33,10;2249,15;537,40;6016,70;6305,30;1163,60;344,38;358,07;3,75
1992M11;1159,05;33,10;2158,32;460,40;5723,00;5564,88;1046,90;335,02;356,11;3,77
1992M12;1207,10;33,10;2206,82;454,60;5756,20;5724,07;1057,90;334,82;361,97;3,73
1993M01;1206,76;29,09;2256,85;436,50;5900,90;5930,93;1061,10;329,01;359,14;3,68
1993M02;1201,85;29,09;2212,60;414,00;5790,90;6038,68;1072,10;329,31;359,02;3,66
1993M03;1151,33;29,09;2152,59;405,90;5659,40;5971,30;996,10;330,08;350,46;3,65
1993M04;1108,53;29,09;1949,88;420,70;5590,90;5972,33;1004,60;342,15;368,01;3,95
1993M05;1123,96;29,09;1794,50;407,20;5503,50;5762,55;980,40;367,18;385,16;4,46
1993M06;1165,30;29,09;1853,42;393,90;5112,70;5532,43;926,00;371,89;383,02;4,38
1993M07;1202,13;29,09;1927,16;388,20;4972,60;5036,20;927,60;392,19;403,65;5,02
1993M08;1172,14;29,09;1947,45;388,40;4809,30;4721,81;884,00;378,84;391,90;4,84
1993M09;1115,38;29,09;1861,86;375,70;4493,60;4352,89;874,20;355,28;362,46;4,22
1993M10;1087,10;29,09;1646,40;384,30;4681,10;4448,90;914,90;364,18;367,91;4,34
1993M11;1039,81;29,09;1630,02;400,30;4640,90;4633,89;928,40;373,83;374,41;4,53
1993M12;1094,30;29,09;1724,19;461,20;4777,90;5119,12;974,40;383,30;383,17;4,97
1994M01;1174,59;26,47;1805,35;490,10;4942,80;5577,95;996,70;386,88;387,80;5,15
1994M02;1269,93;26,47;1866,40;485,40;5443,40;5824,95;968,90;381,91;394,02;5,25
1994M03;1289,03;26,47;1914,87;451,50;5405,40;5587,54;935,90;384,13;400,28;5,44
1994M04;1278,72;26,47;1881,82;439,90;5385,70;5407,97;923,60;377,27;397,90;5,35
1994M05;1322,59;26,47;2150,60;473,50;5504,40;6086,65;955,60;381,43;398,01;5,42
1994M06;1400,58;26,47;2364,20;525,10;5509,20;6281,84;966,20;385,64;401,09;5,39
1994M07;1492,42;26,47;2458,19;580,10;5311,20;6226,76;964,00;385,49;411,95;5,28
1994M08;1455,36;26,47;2406,23;570,80;5161,50;5859,50;944,90;380,36;412,19;5,20
1994M09;1569,22;26,47;2505,93;613,50;5321,10;6364,75;992,40;391,58;417,28;5,52
1994M10;1698,05;26,47;2547,67;641,80;5473,60;6748,29;1058,50;389,77;419,40;5,45
1994M11;1892,59;26,47;2802,45;667,20;6161,10;7556,14;1151,70;384,39;412,37;5,19
1994M12;1878,31;26,47;2985,30;634,30;5946,80;8555,50;1114,30;379,29;410,85;4,78
1995M01;2060,55;28,38;3008,93;666,60;6199,30;9592,55;1156,50;378,55;413,90;4,77
1995M02;1916,15;28,38;2877,65;579,90;5478,30;8505,45;1032,20;376,64;413,97;4,72
1995M03;1805,07;28,38;2924,04;585,60;5532,40;7531,91;1022,20;382,12;416,89;4,65
1995M04;1849,00;28,38;2903,50;608,50;5872,10;7397,83;1061,40;391,03;448,29;5,48
1995M05;1762,69;28,38;2773,31;596,50;5926,50;7232,19;1036,20;385,22;437,35;5,56
1995M06;1780,05;28,38;2994,64;611,80;6670,70;7871,57;1009,60;387,56;438,53;5,36
1995M07;1860,10;28,38;3075,67;621,90;6668,90;8596,57;1026,80;386,23;433,63;5,16
1995M08;1888,32;28,38;3036,84;623,60;6992,30;8944,66;1014,40;383,67;425,34;5,40
1995M09;1760,83;28,38;2915,52;592,70;6328,10;8405,21;986,20;383,06;429,65;5,43
1995M10;1674,32;28,38;2813,55;639,10;6220,70;8061,73;979,10;383,14;412,66;5,37
1995M11;1654,07;28,38;2977,36;713,60;6386,90;8505,91;1030,70;385,31;413,12;5,32
1995M12;1656,74;28,38;2926,26;731,60;6289,50;8090,89;1018,10;387,44;408,71;5,18
1996M01;1589,34;30,00;2616,41;709,50;6271,60;7862,05;1019,10;399,45;415,48;5,46
1996M02;1591,55;30,00;2537,71;769,70;6195,50;8215,55;1035,80;404,76;420,21;5,66
1996M03;1612,48;30,00;2561,02;817,90;6196,40;8021,74;1063,90;396,21;411,19;5,52
1996M04;1587,23;30,00;2595,78;815,00;6480,90;8042,85;1045,40;392,85;404,39;5,42
1996M05;1589,26;30,00;2658,26;840,20;6412,40;8026,55;1035,80;391,93;401,42;5,37
1996M06;1482,48;30,00;2173,40;796,50;6191,90;7709,48;1008,50;385,27;392,25;5,16
1996M07;1458,70;30,00;1985,57;783,70;6250,20;7203,65;1000,10;383,47;393,66;5,07
1996M08;1463,36;30,00;2008,57;815,70;6110,20;7054,36;1006,90;387,35;400,03;5,14
1996M09;1407,38;30,00;1941,45;796,40;6101,90;7318,05;1000,30;383,14;389,86;5,04
1996M10;1336,34;30,00;1961,17;741,90;5941,90;7031,39;1003,10;381,07;384,18;4,93
1996M11;1449,52;30,00;2230,86;716,60;5991,70;6943,38;1046,50;377,85;381,98;4,83
1996M12;1500,29;30,00;2268,08;688,80;5836,30;6580,75;1036,30;369,00;370,70;4,83
1997M01;1575,61;30,15;2434,93;692,30;5877,70;7071,55;1086,50;355,11;360,10;4,77
1997M02;1580,01;30,15;2405,85;660,20;5883,20;7734,53;1179,40;346,58;365,01;5,07
1997M03;1631,57;30,15;2421,29;694,60;5909,20;7895,87;1254,80;351,81;378,90;5,20
1997M04;1561,44;30,15;2391,18;642,50;5713,30;7315,52;1240,40;344,47;371,08;4,77
1997M05;1625,25;30,15;2514,33;618,60;5711,20;7482,85;1310,50;343,84;387,50;4,75
1997M06;1567,55;30,15;2612,62;614,90;5566,10;7062,48;1354,20;340,76;430,76;4,76
1997M07;1591,99;30,15;2450,46;634,30;5442,70;6835,50;1518,00;324,10;415,52;4,37
1997M08;1710,58;30,15;2251,20;608,10;5428,40;6761,30;1653,50;324,01;424,55;4,50
1997M09;1610,60;30,15;2107,30;634,30;5496,30;6503,84;1640,90;322,82;424,73;4,73
1997M10;1607,86;30,15;2052,26;600,30;5561,30;6380,33;1280,10;324,87;423,12;5,03
1997M11;1598,99;30,15;1917,45;563,40;5658,00;6139,50;1173,00;306,04;392,29;5,08
1997M12;1530,51;30,15;1762,33;526,60;5513,80;5945,36;1102,20;288,74;365,42;5,84
1998M01;1485,79;31,00;1688,45;531,60;5206,30;5491,75;1097,20;289,10;373,86;5,89
1998M02;1465,56;31,00;1664,80;516,40;5242,50;5386,88;1044,00;297,49;386,08;6,81
1998M03;1437,70;31,00;1747,98;559,80;5476,80;5395,80;1047,60;295,94;398,99;6,24
1998M04;1418,16;31,00;1800,90;572,70;5714,80;5393,88;1097,00;308,29;413,75;6,34
1998M05;1364,72;31,00;1732,53;543,50;5874,70;5020,00;1061,10;299,10;388,90;5,58
1998M06;1307,24;31,00;1660,52;528,30;5970,00;4475,70;1009,80;292,32;355,43;5,26
1998M07;1309,21;31,00;1651,04;546,20;5653,70;4325,43;1040,30;292,87;378,43;5,46
1998M08;1310,90;31,00;1620,93;536,70;5691,50;4080,63;1029,80;284,11;369,18;5,18
1998M09;1342,27;31,00;1647,64;520,20;5485,70;4102,16;1000,00;288,98;361,15;5,00
1998M10;1304,06;31,00;1586,39;492,80;5432,10;3871,93;940,50;295,93;342,60;5,01
1998M11;1294,96;31,00;1573,95;494,20;5478,30;4131,91;967,10;294,12;347,18;4,97
1998M12;1249,06;31,00;1473,57;501,30;5257,60;3878,21;959,20;291,68;351,79;4,88
1999M01;1218,46;27,59;1431,18;492,30;5109,80;4268,75;932,80;287,08;355,11;5,14
1999M02;1186,85;27,59;1410,78;513,70;5268,50;4626,38;1017,30;287,33;364,07;5,53
1999M03;1181,59;27,59;1378,35;507,80;5360,20;5011,30;1030,00;285,96;369,93;5,19
1999M04;1278,20;27,59;1466,00;519,30;5393,00;5102,63;1019,00;282,62;357,15;5,06
1999M05;1323,46;27,59;1511,16;541,50;5649,20;5399,34;1040,30;276,44;356,01;5,26
1999M06;1315,31;27,59;1422,48;496,10;5265,90;5195,00;1000,50;261,31;356,78;5,03
1999M07;1403,76;27,59;1640,00;495,80;5230,00;5700,11;1072,10;256,08;349,06;5,18
1999M08;1431,32;27,59;1647,62;503,10;5230,20;6448,69;1130,60;256,69;350,06;5,26
1999M09;1492,48;27,59;1750,34;507,30;5342,50;7028,41;1193,80;264,74;370,93;5,21
1999M10;1474,41;27,59;1724,12;497,10;5430,70;7321,19;1148,70;310,72;421,14;5,41
1999M11;1472,76;27,59;1727,55;478,30;5842,10;7949,55;1147,20;293,18;434,02;5,15
1999M12;1554,48;27,59;1764,75;479,10;5721,30;8083,38;1183,80;283,07;439,13;5,16
2000M01;1680,28;28,79;1843,98;472,10;5927,80;8309,50;1178,80;284,32;441,00;5,19
2000M02;1670,27;28,79;1800,83;452,40;5642,10;9653,33;1094,90;299,86;519,71;5,25
2000M03;1577,05;28,79;1739,39;441,30;5457,80;10280,11;1116,40;286,39;479,33;5,06
2000M04;1457,14;28,79;1678,75;421,10;5384,40;9727,50;1127,60;279,69;497,55;5,06
2000M05;1466,79;28,79;1785,62;412,10;5451,20;10130,24;1156,90;275,19;525,89;4,98
2000M06;1506,31;28,79;1753,18;419,60;5456,80;8410,91;1117,90;285,73;559,73;5,00
2000M07;1563,50;28,79;1799,36;452,10;5343,80;8164,41;1136,20;281,59;560,29;4,97
2000M08;1527,63;28,79;1855,86;473,10;5304,80;8006,71;1169,80;274,47;577,61;4,89
2000M09;1601,21;28,79;1960,41;487,10;5474,30;8637,98;1224,40;273,68;591,90;4,89
2000M10;1500,24;28,79;1898,59;486,10;5282,30;7678,07;1095,90;270,00;579,72;4,83
2000M11;1473,86;28,79;1795,11;468,00;5269,50;7339,77;1059,00;266,01;593,34;4,68
2000M12;1565,41;28,79;1850,55;462,30;5233,70;7314,34;1059,80;271,45;609,50;4,64
2001M01;1615,65;30,03;1787,50;478,10;5170,50;6994,77;1033,10;265,49;620,47;4,66
2001M02;1604,36;30,03;1765,65;501,80;5121,80;6524,13;1020,90;261,87;600,92;4,56
2001M03;1509,17;30,03;1738,77;498,40;5046,40;6133,52;1004,70;263,03;584,23;4,40
2001M04;1496,91;30,03;1664,16;477,50;4949,20;6329,87;969,40;260,48;594,86;4,37
2001M05;1538,77;30,03;1682,21;466,70;4945,00;7060,83;938,00;272,36;610,70;4,43
2001M06;1466,13;30,03;1608,45;444,10;4828,30;6641,19;894,90;270,23;579,72;4,37
2001M07;1416,39;30,03;1525,21;461,60;4350,90;5937,05;852,40;267,53;530,84;4,25
2001M08;1377,08;30,03;1464,43;483,00;3895,70;5520,80;828,10;272,39;451,70;4,22
2001M09;1344,56;30,03;1426,33;464,80;3694,50;5027,00;798,60;283,42;457,90;4,35
2001M10;1282,50;30,03;1377,28;468,10;3750,70;4825,33;761,50;283,06;431,39;4,40
2001M11;1327,46;30,03;1427,73;486,50;4041,80;5078,41;772,90;276,16;429,89;4,12
2001M12;1344,63;30,03;1471,74;483,30;4018,50;5263,82;754,70;275,85;461,73;4,37
2002M01;1368,59;29,31;1503,96;513,10;3861,90;6043,18;793,20;281,51;472,11;4,51
2002M02;1369,34;29,31;1561,90;480,00;3730,80;6029,25;771,30;295,50;471,15;4,42
2002M03;1405,00;29,31;1604,88;480,20;3842,80;6537,50;819,30;294,06;512,05;4,54
2002M04;1369,99;29,31;1590,33;472,40;4023,60;6958,21;808,20;302,68;539,20;4,58
2002M05;1343,30;29,31;1595,68;451,90;4149,80;6761,36;769,50;314,49;533,85;4,70
2002M06;1353,97;29,31;1647,53;440,00;4286,10;7119,86;767,10;321,18;554,70;4,90
2002M07;1338,09;29,31;1589,46;446,10;4331,30;7142,72;794,90;313,29;526,20;4,92
2002M08;1291,60;29,31;1479,55;423,20;3834,00;6717,14;747,60;310,26;544,84;4,54
2002M09;1301,25;29,31;1478,71;421,30;3957,40;6640,24;756,20;319,14;556,33;4,55
2002M10;1310,58;29,31;1483,76;418,20;4241,50;6804,46;754,70;316,56;580,20;4,40
2002M11;1372,20;29,31;1582,29;442,20;4230,00;7313,93;765,30;319,07;588,10;4,51
2002M12;1375,07;29,31;1595,68;443,60;4236,80;7193,16;797,70;331,92;595,44;4,63
2003M01;1378,28;31,95;1647,66;444,66;4435,68;8026,02;781,41;356,86;627,91;4,81
2003M02;1422,16;31,95;1683,80;475,83;4570,75;8623,00;785,15;358,97;681,70;4,66
2003M03;1389,27;31,95;1658,98;456,67;4604,52;8378,81;790,95;340,55;674,33;4,53
2003M04;1332,01;31,95;1587,48;437,38;4565,75;7910,13;754,65;328,18;624,91;4,49
2003M05;1398,49;31,95;1648,28;463,50;4736,75;8330,63;775,65;355,68;650,36;4,74
2003M06;1409,85;31,95;1686,50;468,02;4694,76;8874,76;790,69;356,35;661,67;4,53
2003M07;1436,09;31,95;1710,00;514,78;4739,35;8797,39;827,54;351,02;681,52;4,80
2003M08;1456,31;31,95;1760,28;496,53;4822,50;9351,38;817,88;359,77;692,19;4,99
2003M09;1415,57;31,95;1789,52;521,27;4911,59;9965,34;818,18;378,95;705,25;5,17
2003M10;1474,25;31,95;1920,54;587,33;5236,74;11047,17;897,96;378,92;732,48;5,00
2003M11;1508,34;31,95;2055,43;622,33;5362,75;12086,50;914,53;389,91;760,38;5,18
2003M12;1554,91;31,95;2201,29;692,07;6057,62;14162,50;977,76;406,95;807,87;5,63
2004M01;1606,49;37,90;2423,57;758,38;6485,00;15326,55;1017,00;413,79;849,93;6,30
2004M02;1685,63;37,90;2759,53;888,48;6672,75;15145,13;1087,68;404,88;846,32;6,44
2004M03;1655,99;37,90;3008,72;886,48;7619,78;13715,00;1105,78;406,67;899,76;7,23
2004M04;1729,74;37,90;2948,73;753,68;8955,75;12848,13;1032,73;403,26;880,64;7,15
2004M05;1623,22;37,90;2733,50;808,90;9459,47;11118,29;1028,29;383,78;809,83;5,87
2004M06;1677,72;37,90;2686,71;870,32;9204,77;13533,52;1021,46;392,37;807,55;5,86
2004M07;1709,27;37,90;2808,43;939,59;9044,32;15023,30;988,32;398,09;809,52;6,31
2004M08;1692,19;37,90;2846,10;921,81;9021,91;13679,52;975,81;400,51;848,68;6,66
2004M09;1723,60;37,90;2894,86;935,46;9019,55;13270,91;975,18;405,28;847,89;6,40
2004M10;1819,57;37,90;3012,24;932,76;9045,24;14404,29;1064,95;420,46;841,43;7,10
2004M11;1813,90;37,90;3122,80;967,80;9070,46;14045,46;1095,64;439,38;854,41;7,49
2004M12;1849,18;37,90;3145,45;974,91;8553,81;13768,81;1180,21;442,08;848,24;7,09
2005M01;1834,43;65,00;3170,00;953,15;7735,75;14505,00;1246,38;424,03;859,07;6,62
2005M02;1882,85;65,00;3253,70;977,55;8088,75;15349,50;1326,18;423,35;864,32;7,03
2005M03;1979,85;65,00;3379,49;1004,00;8407,39;16190,65;1372,15;433,85;866,83;7,23
2005M04;1894,29;65,00;3394,48;985,76;8143,81;16141,91;1300,14;429,23;864,86;7,12
2005M05;1743,70;65,00;3249,10;988,08;8125,00;16931,50;1243,63;421,87;866,23;7,02
2005M06;1731,30;65,00;3524,07;986,07;7618,86;16159,55;1275,73;430,66;880,09;7,31
2005M07;1778,79;65,00;3614,21;854,48;7169,29;14580,71;1194,43;424,48;873,67;7,01
2005M08;1867,84;65,00;3797,75;887,02;7188,86;14892,73;1298,39;437,93;898,43;7,03
2005M09;1839,91;65,00;3857,84;933,07;6783,86;14228,18;1397,52;456,05;914,64;7,15
2005M10;1928,71;65,00;4059,76;1004,76;6422,86;12402,86;1488,38;469,90;931,00;7,67
2005M11;2050,59;65,00;4269,34;1018,41;6160,00;12115,68;1610,93;476,67;962,61;7,87
2005M12;2247,45;65,00;4576,78;1124,08;6713,50;13429,25;1821,83;510,10;976,59;8,63
2006M01;2377,86;67,20;4734,33;1256,33;7051,43;14555,24;2090,31;549,86;1026,05;9,14
2006M02;2455,33;65,20;4982,40;1277,05;7826,25;14978,75;2219,38;555,00;1041,50;9,53
2006M03;2429,13;66,70;5102,85;1192,09;7939,57;14897,39;2416,91;557,09;1041,09;10,38
2006M04;2621,11;67,30;6387,78;1170,42;8853,06;17942,22;3084,78;610,65;1098,75;12,61
2006M05;2861,48;67,30;8045,86;1166,86;8837,38;21077,14;3565,69;675,39;1260,83;13,38
2006M06;2477,34;69,30;7197,61;963,86;7896,36;20754,55;3225,68;596,15;1188,55;10,80
2006M07;2512,71;70,50;7712,10;1052,38;8418,57;26586,19;3339,86;633,71;1228,83;11,23
2006M08;2459,93;69,80;7695,66;1174,14;8502,05;30743,64;3347,30;632,59;1233,52;12,19
2006M09;2472,88;70,00;7602,36;1342,38;9039,29;30130,71;3403,02;598,19;1183,60;11,68
2006M10;2654,59;71,70;7500,39;1531,14;9768,18;32702,96;3822,96;585,78;1082,45;11,56
2006M11;2702,80;73,50;7029,18;1624,52;10079,09;32113,86;4382,23;627,83;1183,00;12,93
2006M12;2813,63;73,50;6675,11;1725,50;11158,68;34570,26;4405,40;629,79;1121,19;13,28
2007M01;2809,34;78,20;5669,66;1666,09;11361,82;36811,14;3786,68;631,17;1146,65;12,84
2007M02;2832,20;82,66;5676,45;1779,60;12933,25;41184,25;3309,50;664,75;1204,55;13,91
2007M03;2761,73;88,55;6452,48;1914,05;13892,96;46324,77;3271,30;654,90;1218,77;13,18
2007M04;2814,79;91,26;7766,47;2000,95;14052,90;50266,84;3557,47;679,37;1275,81;13,72
2007M05;2792,75;102,02;7681,42;2101,25;14140,00;52179,05;3831,26;667,31;1300,65;13,15
2007M06;2676,93;103,21;7474,38;2425,20;14099,76;41718,57;3602,85;655,66;1286,24;13,14
2007M07;2732,44;106,09;7972,57;3082,76;14737,84;33425,68;3545,58;665,38;1303,02;12,91
2007M08;2515,77;121,89;7513,50;3119,46;15174,32;27652,27;3252,52;665,41;1263,61;12,33
2007M09;2391,25;148,65;7648,98;3226,55;15023,00;29537,50;2881,40;712,65;1307,65;12,83
2007M10;2442,37;168,11;8008,44;3719,72;16071,30;31055,44;2975,33;754,60;1410,70;13,67
2007M11;2506,89;195,09;6966,71;3328,18;16691,82;30610,23;2541,32;806,25;1448,73;14,70
2007M12;2381,69;190,12;6587,67;2596,03;16263,06;25991,94;2353,08;803,20;1492,90;14,30
2008M01;2445,52;193,37;7061,02;2608,14;16337,27;27689,55;2340,11;889,60;1583,30;15,91
2008M02;2776,93;186,12;7887,69;3079,88;17210,00;27955,48;2438,14;922,30;1999,67;17,57
2008M03;3005,29;197,12;8439,29;3008,58;19803,95;31225,26;2511,47;968,43;2025,19;19,32
2008M04;2959,27;195,95;8684,93;2822,75;21658,64;28763,18;2263,80;909,71;1988,41;17,50
2008M05;2902,90;192,95;8382,75;2234,63;24062,25;25735,00;2182,10;888,66;2052,45;17,06
2008M06;2957,86;183,93;8260,60;1863,05;22229,29;22549,05;1894,48;889,49;2039,24;16,97
2008M07;3071,24;180,50;8414,04;1944,91;23139,35;20160,22;1852,37;939,77;1904,43;18,03
2008M08;2764,38;178,74;7634,70;1923,58;20026,25;18927,75;1723,28;839,03;1485,55;14,64
2008M09;2525,82;139,64;6990,86;1868,36;18368,86;17794,55;1735,48;829,93;1223,18;12,37
2008M10;2121,41;88,67;4925,70;1480,11;14401,74;12139,78;1302,11;806,62;912,57;10,44
2008M11;1852,43;64,95;3717,00;1291,10;13643,50;10701,50;1152,60;760,86;840,30;9,87
2008M12;1490,43;69,98;3071,98;962,88;11240,00;9686,43;1100,57;816,09;839,70;10,29
2009M01;1413,12;72,51;3220,69;1132,74;11372,86;11306,91;1187,41;858,69;947,41;11,27
2009M02;1330,20;75,59;3314,73;1100,53;11039,25;10408,75;1112,08;943,00;1033,25;13,41
2009M03;1335,84;64,07;3749,75;1238,91;10675,91;9696,36;1216,75;924,27;1081,77;13,12
2009M04;1420,85;59,78;4406,55;1383,10;11743,50;11166,00;1378,85;890,20;1165,45;12,48
2009M05;1460,45;62,69;4568,63;1440,16;13793,42;12634,74;1483,79;928,65;1128,67;13,98
2009M06;1573,73;71,66;5013,96;1674,46;14985,68;14960,46;1557,27;945,67;1217,86;14,65
2009M07;1667,96;83,95;5215,54;1678,61;14038,91;15984,57;1578,61;934,23;1162,26;13,36
2009M08;1933,75;97,67;6165,30;1900,10;14869,75;19641,75;1821,68;949,38;1244,57;14,36
2009M09;1834,11;80,71;6196,43;2204,55;14869,09;17473,18;1884,02;996,59;1288,70;16,39
2009M10;1878,57;86,79;6287,98;2240,77;15008,86;18525,23;2071,59;1043,16;1332,77;17,24
2009M11;1949,29;99,26;6675,60;2308,76;14942,38;16991,19;2193,38;1127,04;1400,62;17,82
2009M12;2180,10;105,07;6981,71;2328,52;15546,91;17066,43;2375,95;1134,72;1437,48;17,64
2010M01;2235,15;125,72;7386,25;2368,38;17714,75;18439,25;2434,45;1117,96;1557,90;17,75
2010M02;2048,93;127,49;6848,18;2123,68;16361,75;18976,00;2156,90;1095,41;1520,35;15,87
2010M03;2205,63;139,69;7462,83;2172,09;17549,35;22461,30;2275,07;1113,34;1599,43;17,11
2010M04;2316,73;172,47;7745,08;2264,85;18683,50;26030,75;2366,68;1148,69;1710,50;18,06
2010M05;2040,53;161,35;6837,68;1882,68;17566,05;22008,16;1968,37;1205,43;1624,86;18,43
2010M06;1931,39;143,63;6499,30;1703,96;17319,77;19388,64;1742,84;1232,92;1553,23;18,45
2010M07;1988,27;126,36;6735,25;1836,98;18191,36;19517,50;1843,89;1192,97;1525,59;17,96
2010M08;2118,14;145,34;7283,95;2075,24;20754,76;21413,33;2044,57;1215,81;1540,59;18,39
2010M09;2162,34;140,63;7709,30;2184,23;22701,14;22643,41;2151,41;1270,98;1591,75;20,55
2010M10;2346,57;148,48;8292,41;2379,67;26342,62;23807,38;2372,14;1342,02;1688,69;23,39
2010M11;2333,07;156,10;8469,89;2376,73;25519,09;22909,32;2291,68;1369,89;1692,77;26,54
2010M12;2350,67;163,10;9147,26;2412,93;26163,33;24111,19;2280,93;1390,55;1711,39;29,32
2011M01;2439,53;179,18;9555,70;2601,65;27465,25;25646,25;2371,55;1360,46;1785,43;28,51
2011M02;2508,18;187,18;9867,60;2586,68;31526,00;28252,25;2465,13;1374,68;1825,90;30,78
2011M03;2555,50;169,36;9503,36;2624,02;30590,93;26710,35;2341,48;1423,26;1770,17;35,81
2011M04;2678,11;179,33;9492,79;2701,17;32363,31;26408,33;2362,22;1480,89;1797,90;42,70
2011M05;2596,45;177,05;8959,90;2428,32;28676,45;24236,73;2167,35;1512,58;1786,55;37,34
2011M06;2557,76;170,88;9066,85;2524,99;25519,68;22420,93;2234,47;1529,36;1768,50;35,80
2011M07;2525,43;172,98;9650,46;2681,02;27398,10;23847,95;2397,75;1572,75;1759,76;37,92
2011M08;2379,35;177,50;9000,76;2397,28;24042,43;21845,09;2200,17;1759,01;1804,70;40,33
2011M09;2293,46;177,23;8300,14;2287,67;22526,60;20377,59;2075,22;1772,14;1748,11;38,15
2011M10;2180,65;150,43;7394,19;1960,38;21868,64;19039,05;1871,42;1666,43;1535,19;31,97
2011M11;2079,98;135,54;7581,02;1994,22;21291,70;17873,00;1935,32;1739,00;1596,98;33,08
2011M12;2022,25;136,39;7565,48;2022,35;19375,01;18266,76;1904,73;1639,97;1454,59;30,30
2012M01;2144,20;140,26;8040,47;2096,16;21438,63;19854,77;1981,86;1654,05;1499,32;30,65
2012M02;2207,92;140,40;8441,49;2121,26;24293,31;20393,67;2057,79;1744,82;1657,76;34,14
2012M03;2184,16;144,66;8470,78;2056,69;22985,43;18660,81;2035,92;1675,95;1655,41;32,95
2012M04;2049,67;147,64;8289,48;2071,07;22200,62;17939,79;2002,14;1649,20;1585,81;31,53
2012M05;2007,63;136,61;7955,64;2012,82;20405,24;17068,19;1936,00;1589,04;1470,70;28,72
2012M06;1890,18;134,66;7423,02;1854,15;19271,07;16549,14;1858,70;1598,76;1443,86;27,98
2012M07;1876,25;127,94;7584,26;1881,48;18546,09;16128,41;1847,75;1594,29;1425,82;27,43
2012M08;1845,38;107,50;7515,53;1900,62;18772,62;15735,21;1818,16;1630,31;1453,26;28,80
2012M09;2064,12;99,47;8087,74;2177,67;20771,26;17287,96;2009,85;1744,81;1623,65;33,61
2012M10;1974,30;113,95;8062,03;2141,97;21233,70;17168,74;1903,96;1746,58;1635,83;33,19
2012M11;1948,83;120,35;7711,23;2181,97;20713,07;16335,36;1912,40;1721,64;1576,36;32,77
2012M12;2086,76;128,51;7966,49;2279,80;22880,89;17448,50;2040,43;1684,76;1582,25;31,87
2013M01;2037,75;150,49;8047,36;2333,68;24545,90;17472,50;2032,20;1671,85;1638,89;31,06
2013M02;2053,60;154,64;8060,93;2365,79;24211,74;17690,10;2128,69;1627,57;1674,55;30,33
2013M03;1909,57;139,87;7645,58;2169,42;23296,52;16724,93;1926,07;1593,09;1582,95;28,79
2013M04;1861,67;137,39;7234,28;2027,39;21662,25;15672,95;1856,00;1487,86;1493,07;25,36
2013M05;1832,02;124,01;7249,41;2032,98;20775,83;14947,96;1831,55;1414,03;1475,17;23,04
2013M06;1814,54;114,82;7000,24;2099,69;20267,40;14280,28;1839,01;1343,35;1430,23;21,11
2013M07;1769,61;127,19;6906,64;2047,73;19563,83;13750,32;1837,62;1285,52;1401,48;19,71
2013M08;1817,62;137,06;7192,92;2174,18;21644,43;14314,93;1898,82;1351,74;1496,09;21,89
2013M09;1761,30;134,19;7159,27;2084,92;22735,07;13801,39;1846,88;1348,60;1456,86;22,56
2013M10;1814,58;132,57;7203,02;2115,43;23101,59;14117,65;1884,84;1316,58;1413,48;21,92
2013M11;1747,96;136,32;7070,65;2089,56;22826,88;13684,01;1866,42;1275,86;1420,10;20,76
2013M12;1739,81;135,79;7214,90;2136,73;22762,13;13924,55;1974,98;1221,51;1355,67;19,67
2014M01;1727,41;128,12;7291,47;2143,17;22063,86;14101,25;2036,93;1244,27;1420,95;19,88
2014M02;1695,17;121,37;7149,21;2108,03;22820,67;14203,55;2034,53;1299,58;1409,53;20,85
2014M03;1705,37;111,83;6650,04;2053,08;23024,31;15678,10;2007,90;1336,08;1451,62;20,72
2014M04;1810,67;114,58;6673,56;2087,09;23405,20;17373,60;2027,21;1298,45;1430,33;19,74
2014M05;1751,05;100,56;6891,13;2097,32;23271,25;19401,08;2058,97;1288,74;1456,27;19,34
2014M06;1838,95;92,74;6821,14;2106,94;22762,00;18628,81;2128,10;1279,10;1452,76;19,89
2014M07;1948,30;96,05;7113,38;2193,24;22424,01;19117,65;2310,62;1310,59;1492,18;20,92
2014M08;2030,49;92,61;7001,84;2236,84;22231,05;18600,20;2326,99;1295,13;1446,33;19,74
2014M09;1990,43;82,38;6872,22;2117,24;21090,52;18034,80;2294,59;1236,55;1359,48;18,37
2014M10;1946,19;81,06;6737,48;2034,26;19830,41;15812,37;2276,83;1222,49;1259,76;17,16
2014M11;2055,55;73,73;6712,85;2030,18;20033,47;15807,05;2253,22;1175,33;1208,32;15,97
2014M12;1909,46;68,39;6446,45;1938,11;19829,71;15962,05;2175,76;1200,62;1215,32;16,30
2015M01;1814,72;68,23;5830,54;1843,13;19454,12;14849,19;2113,05;1250,75;1242,45;17,24
2015M02;1817,82;62,75;5729,27;1795,66;18233,91;14573,84;2097,76;1227,08;1197,16;16,79
2015M03;1773,86;58,05;5939,67;1792,47;17421,91;13755,50;2028,73;1178,63;1138,64;16,24
2015M04;1819,19;52,28;6042,09;2005,36;15900,88;12830,92;2212,72;1198,93;1151,29;16,34
2015M05;1804,04;60,30;6294,78;1991,78;15803,59;13511,34;2281,80;1198,63;1140,40;16,83
2015M06;1687,73;62,63;5833,01;1829,50;15064,94;12825,23;2082,09;1181,50;1088,82;16,08
2015M07;1639,50;52,39;5456,75;1763,04;15071,53;11413,10;2000,68;1128,31;1009,27;15,05
2015M08;1548,13;56,19;5127,30;1703,60;15163,77;10386,00;1807,64;1117,93;984,10;14,94
2015M09;1589,60;56,95;5217,25;1684,25;15453,34;9937,55;1720,23;1124,77;964,38;14,75
2015M10;1516,49;53,12;5216,09;1720,11;15794,61;10316,83;1724,34;1159,25;976,91;15,81
2015M11;1467,89;46,86;4799,90;1618,35;14745,29;9244,33;1583,31;1086,44;885,20;14,45
2015M12;1497,20;40,50;4638,83;1706,58;14691,69;8707,79;1527,79;1075,74;859,82;14,13
2016M01;1481,10;41,88;4471,79;1646,20;13808,08;8507,29;1520,36;1097,91;855,25;14,11
2016M02;1531,26;46,83;4598,62;1765,75;15610,14;8298,50;1709,85;1199,50;919,35;15,17
2016M03;1531,01;56,20;4953,80;1802,19;16897,60;8717,25;1801,69;1245,14;967,73;15,47
2016M04;1571,23;60,92;4872,74;1732,27;17032,71;8878,86;1855,37;1242,26;994,19;16,36
2016M05;1550,63;55,13;4694,54;1707,80;16706,95;8660,35;1869,03;1260,95;1035,86;16,95
2016M06;1593,51;51,98;4641,97;1712,77;16966,69;8928,35;2026,19;1276,40;984,14;17,29
2016M07;1629,05;57,26;4864,90;1834,79;17826,23;10262,86;2183,25;1336,66;1087,50;19,99
2016M08;1639,28;60,89;4751,67;1835,52;18427,02;10335,99;2279,14;1340,17;1121,65;19,59
2016M09;1592,36;57,79;4722,20;1947,64;19499,52;10191,78;2292,31;1326,61;1046,71;19,36
2016M10;1665,90;59,09;4731,26;2024,49;20099,76;10259,74;2311,50;1266,55;959,14;17,66
2016M11;1737,11;73,10;5450,93;2180,58;21126,09;11128,91;2566,20;1238,35;955,14;17,41
2016M12;1727,74;80,02;5660,35;2209,84;21204,35;10972,27;2664,81;1157,36;918,38;16,43
2017M01;1791,24;80,41;5754,56;2242,62;20691,79;9971,46;2714,80;1192,10;971,15;16,90
2017M02;1860,75;89,44;5940,91;2311,50;19446,47;10643,30;2845,55;1234,20;1007,63;17,93
2017M03;1901,47;87,65;5824,63;2280,92;19875,20;10204,66;2776,88;1231,42;962,87;17,63
2017M04;1921,22;70,22;5683,90;2220,61;19910,32;9609,28;2614,92;1266,88;960,84;18,03
2017M05;1913,02;62,43;5599,56;2125,11;20200,33;9155,12;2590,21;1246,04;930,27;16,75
2017M06;1885,29;57,48;5719,76;2132,93;19658,84;8931,76;2573,40;1260,26;930,73;16,93
2017M07;1902,96;67,74;5985,12;2269,86;20223,48;9491,39;2787,19;1236,84;918,90;16,15
2017M08;2030,01;76,07;6485,63;2348,47;20521,00;10889,98;2980,73;1283,04;972,70;16,95
2017M09;2096,49;71,53;6577,17;2374,39;20796,62;11215,79;3116,86;1314,07;964,10;17,43
2017M10;2131,49;61,66;6807,60;2498,22;20376,09;11335,77;3264,60;1279,51;921,00;16,94
2017M11;2097,44;64,24;6826,55;2461,43;19557,52;11972,00;3229,31;1281,90;934,05;16,98
2017M12;2080,47;72,25;6833,89;2509,92;19476,37;11495,11;3195,95;1264,45;907,20;16,17
2018M01;2209,73;76,34;7065,85;2584,09;20696,91;12864,88;3441,52;1331,30;990,12;17,13
2018M02;2181,79;77,46;7006,52;2581,06;21651,55;13595,88;3532,90;1330,73;987,26;16,58
2018M03;2069,24;70,35;6799,18;2390,00;21211,94;13392,50;3269,18;1324,66;954,57;16,47
2018M04;2254,69;65,75;6851,51;2352,41;21291,10;13938,10;3188,05;1334,76;924,05;16,65
2018M05;2299,67;66,10;6825,27;2360,93;20858,83;14366,49;3059,87;1303,45;904,73;16,49
2018M06;2237,62;65,04;6965,86;2436,29;20660,52;15105,65;3088,57;1281,57;884,90;16,54
2018M07;2082,24;64,56;6250,75;2207,02;19729,80;13793,86;2656,13;1237,71;832,00;15,72
2018M08;2051,51;67,15;6051,05;2053,53;19228,77;13411,35;2512,00;1201,71;804,91;14,99
2018M09;2026,46;68,44;6050,76;2022,91;18967,13;12510,35;2434,68;1198,39;804,79;14,27
2018M10;2029,86;73,41;6219,59;1987,55;19121,48;12314,91;2673,67;1215,39;829,87;14,60
2018M11;1938,51;73,26;6195,92;1937,11;19064,86;11239,72;2595,69;1220,65;846,19;14,35
2018M12;1920,38;69,16;6075,32;1972,32;19259,58;10835,08;2616,29;1250,40;791,16;14,77
2019M01;1853,72;76,16;5939,10;1997,14;20457,75;11523,09;2569,70;1291,75;806,77;15,62
2019M02;1862,99;88,22;6300,49;2062,79;21263,95;12685,23;2707,19;1320,07;818,15;15,82
2019M03;1871,21;86,47;6439,46;2046,46;21393,40;13026,27;2850,60;1300,90;842,81;15,30
2019M04;1845,42;93,70;6438,36;1938,99;20604,30;12772,79;2932,65;1285,91;887,29;15,06
2019M05;1781,26;100,15;6017,90;1815,19;19523,90;12016,31;2742,81;1283,70;833,55;14,66
2019M06;1755,95;108,94;5882,23;1899,70;19193,20;11943,94;2601,22;1359,04;808,20;15,04
2019M07;1796,99;120,24;5941,20;1975,64;17977,85;13546,30;2446,51;1412,89;843,95;15,79
2019M08;1740,68;93,07;5709,44;2044,55;16608,99;15748,64;2273,01;1500,41;859,14;17,22
2019M09;1753,51;93,08;5759,25;2071,85;16830,62;17656,88;2331,56;1510,58;944,70;18,16
2019M10;1725,96;88,53;5757,30;2184,09;16603,39;17046,22;2451,65;1494,81;897,26;17,65
2019M11;1774,79;84,98;5859,95;2021,15;16335,48;15171,81;2425,48;1470,79;901,80;17,17
2019M12;1771,38;92,65;6077,06;1900,54;17141,05;13829,42;2272,54;1479,13;924,25;17,14
2020M01;1773,09;95,76;6031,21;1923,93;17029,18;13506,86;2354,31;1560,67;987,36;17,97
2020M02;1688,10;87,68;5687,75;1872,54;16480,30;12715,55;2113,24;1597,10;961,10;17,88
2020M03;1610,89;88,99;5182,63;1734,44;15290,91;11846,23;1903,63;1591,93;759,00;14,88
2020M04;1459,93;84,73;5057,97;1657,55;14952,80;11804,01;1903,37;1683,17;753,86;15,07
2020M05;1466,37;93,65;5239,83;1626,34;15401,92;12179,61;1975,32;1715,91;790,22;16,26
2020M06;1568,57;103,30;5754,60;1744,84;16837,84;12727,15;2025,71;1732,22;820,77;17,71
